"","CK07","CK08","CK09","CK10","CK11","CK12","D01A1","D01A2","D01A3","D01A4","D01A5","D01A6","D02A1","D02A2","D02A3","D02A4","D02A5","D02A6","D03A1","D03A2","D03A3","D03A4","D03A5","D03A6","D04A1","D04A2","D04A3","D04A4","D04A5","D04A6","D05A1","D05A2","D05A3","D05A4","D05A5","D05A6","D06A1","D06A2","D06A3","D06A4","D06A5","D06A6","D07A1","D07A2","D07A3","D07A4","D07A5","D07A6","D08A1","D08A2","D08A3","D08A4","D08A5","D08A6","D09A1","D09A2","D09A3","D09A4","D09A5","D09A6","D10A1","D10A2","D10A3","D10A4","D10A5","D10A6","D11A1","D11A2","D11A3","D11A4","D11A5","D11A6","D12A1","D12A2","D12A3","D12A4","D12A5","D12A6"
"Dapma7bEVm023360",2.13756173026399,2.22691914169442,2.27125501854475,2.16362368587442,2.15907002671579,2.42589335960478,3.23167173800326,3.80900567293491,3.39904942915943,2.30059998957218,2.10579428810502,4.46560681652171,2.07020692468267,2.05425117197699,2.20186647357863,4.542428033459,2.14045122511721,2.23346006691301,2.11289440919554,3.77308856238264,3.87212712608945,4.63096870327478,2.12212976549561,4.35449785020248,2.16635228544731,4.38169575385778,4.13350118795997,3.86306470874317,2.16339227993798,4.62094956673419,3.93099361384002,2.24073761260774,2.20676826527398,2.16333825123654,3.89719366022747,2.18833774961254,2.07548679974742,4.34070199306993,2.09840290047187,4.22460564025466,2.16631994038311,2.60461980727766,2.17348633524986,2.06251210585475,2.08510228975247,3.68734554956323,2.16151080728675,4.02257788223579,2.16280044446814,2.13594230900222,2.25822445134984,2.10473788048828,5.01644015215007,2.21236690140889,2.17060691528411,2.12463696593215,5.06598880113999,3.51017839369034,2.83634846315542,2.52392315474869,3.2527132441942,4.03875811264651,4.3200295022085,4.79548526632644,2.85342640779087,3.83557626813518,3.56067349717831,2.15126283955844,2.14012701128727,3.99058107461722,2.0556079580422,2.17994800051325,4.08428181414122,2.06837056181056,2.22729821239258,3.90806056686009,2.1583094897041,2.09152698789472
"Dapma7bEVm024246",6.13699037317372,5.69943869367491,5.78536738308801,5.94841075763446,5.99946610621236,6.09423976391551,6.60540129243567,7.34930715758384,6.45910309609588,6.91083014974136,5.23236160337242,6.435213803682,7.41272146848927,7.10679084953202,6.06047366237707,6.13803700078936,5.12927724531702,6.09829934438357,7.44152610957273,7.42055520972301,6.92112983385763,6.35824035783438,7.30810815728066,8.16050271018241,5.72462431340175,6.43642728833325,7.45032983396349,6.39485972182728,7.02675050960242,6.42109161202101,5.13344115591204,5.25725297163187,6.91742905385429,7.39055442139001,7.78132398925689,7.29212084405592,7.10560960181623,7.54323157288905,7.74053158867994,6.83389948122417,6.43303360447019,7.4702382448953,4.82611989177792,7.13132167202965,6.33414573500588,7.44991657797593,7.3176812392073,6.54708321733976,7.25386355174052,7.45681716588635,4.69582538309315,7.02833022986784,6.61977201231794,6.39718822290937,7.12743010380272,7.45188440952413,6.76802527144244,6.42945044841649,6.92803793603635,7.99748740237187,7.31951203565704,7.24445133588327,7.54899570572954,7.31880755430406,6.03000804334495,7.10443104814593,7.43560831734148,6.52520578051872,7.71616768195874,6.75578172472382,6.96595418324141,7.93354972353329,7.45695079018253,6.81843025977554,6.36531520803506,7.39348703094375,6.67970162774613,7.27598745045244
"Dapma7bEVm001479",8.13527337313573,7.38138113035404,7.55538905684563,8.16358449844789,7.68669450677062,8.03893219109615,8.68561383583191,8.80730260145479,8.88249227633736,8.25683155989156,8.16432905555401,8.46878668827389,8.59836697856508,8.18616287155272,8.87293136037916,8.88386924240438,8.75558854006677,8.3020169601141,8.13022142896141,8.70996484894211,8.23694921461888,9.05729508233637,8.78583479285357,8.65562465252829,8.77901690074074,8.81848929945474,8.79232349619415,8.48925573460899,8.34799325244505,8.87750330874625,8.74545366960083,9.28930015102846,8.4246164662043,7.79519475186673,8.64638942183718,8.98234596137587,8.10117892270759,8.52145173867804,8.0880344713282,9.05432392446994,8.82099835814709,8.37270062820316,9.73130492045065,8.45012383399592,8.53629731318712,8.54988934713171,8.96707563891125,8.38466276635672,8.5385810960733,9.07034007007693,9.21748576187489,8.97539654223221,9.34329487467023,8.03886491000778,8.92095931667371,8.57199903694111,9.27267854782338,8.38549015310014,9.08351953995849,7.65723959817536,8.73881668965808,8.40262862221806,7.92203046044216,8.71552854040576,8.17004700403929,8.60453794617105,8.80230707690279,9.12431141314841,8.99051959275332,8.97960848538538,9.38394712712527,9.09455729385643,9.61683820977009,9.18624820170974,9.47668407189966,9.2372271390655,9.69574042137995,9.0266583756722
"Dapma7bEVm028893",5.28963797326926,5.05521978533192,4.85832528810848,5.34603674196212,5.37042646701488,5.29470390375922,5.59598167877363,5.25773716699521,4.86824286685444,5.96927197175244,5.86809322077055,5.62638667779481,5.85415026459591,5.67827218825863,5.27533737560076,5.57303631874028,5.66297573996446,5.46748897180205,5.79008693528909,5.38024513744198,5.79073429179514,5.11096979964185,5.47223137286353,6.3602418621544,5.98100477190396,5.20787767795203,5.87667034469771,5.72747871769639,5.81083986878343,5.74817063345779,6.10953511686189,5.5838028282852,5.65601194907463,5.6117815629526,5.76830051774507,5.85475365611397,5.55529033756822,5.70509194487582,5.80341549818658,5.04548097937591,5.89891056163512,5.59291150352929,4.88993728782808,6.04062850818756,5.71195802216741,5.94947813796582,6.07978168777184,5.69744103624178,5.64491518317281,5.65454825078637,5.29594819372193,5.08466418024452,5.63838087645948,5.37897771955892,6.16211529345718,5.69369241710019,5.79238702199209,5.83666728710665,5.80569022953079,6.42754799115635,5.41075686403266,5.59223102884243,5.39775834350259,5.09022959570644,5.96910157981683,5.57260841393714,5.73294580299949,5.6714409891671,6.03223561692251,6.05067691432834,5.97155794743124,6.05030732753067,6.08762064694081,5.5957039744435,5.74800665731912,6.05927984191138,6.07448971117736,6.21046580571323
"Dapma7bEVm008063",5.86048002793392,4.88474531152847,4.66533027999846,5.51474983712946,5.21700746870962,4.23013921015559,5.63588225764158,6.1034478241072,5.52618279110287,5.34654990941297,5.75516519480797,5.32591222616722,6.02470546589072,5.71241006844415,5.16130195254496,5.20894011750745,5.66486066434956,6.45079930068394,5.91769403897374,5.93373971197814,5.52758409429716,4.71010445088454,5.80062111596388,6.33526891446092,6.28852957899417,5.67773840814807,5.93606307336105,5.71738725558572,5.75010533260102,5.15360703095,5.72670531034572,5.87001516573062,5.79804149494817,5.7333730488034,6.09809575370501,5.67238026372258,5.82170238824788,5.66601996879333,5.80018393577374,6.45421342815856,5.58717238620814,6.16747891697591,5.90992663911949,5.99215682892259,6.07319983752587,5.91224398713196,5.69059407837437,5.59591827904471,6.03279302556777,5.56090586304405,5.83200412409738,5.81642652312372,5.54854760286865,5.27170242654143,5.80237145032428,5.86288113028976,5.24837687618901,5.89449006756694,5.78412378058785,5.64875574762676,5.87737592474542,5.65181163372066,5.751549949128,5.64997538773334,5.57702222300703,5.79618521033272,5.75988246018747,5.41398489030884,5.87434571677191,5.63473324620665,6.11445529913232,6.61614950261967,5.84207333498516,5.89192765831863,5.07084391050472,5.51803835366715,5.94470819213247,6.09181315698625
"Dapma7bEVm001975",7.21488032665058,6.59516811574775,4.96197935615581,6.96276182606408,6.52142261236105,6.49236547536014,7.52659467941682,6.92166003829326,7.07456865798499,6.80688839615514,7.16693491554728,5.96095716849081,7.4800883603689,7.26106188930872,6.83662476284394,7.15683340915237,7.00543235791827,6.50695168932951,7.64901738038248,7.40581285175204,7.09313511296132,7.07798102044024,7.11140615992504,7.30884238564552,7.11470021539315,7.46059154187894,7.60033668376038,7.86378258539611,8.28061765013992,6.29569865230629,5.64971500644468,7.62079077277039,6.52604118922202,6.65035032841854,6.57648259771351,6.74120998615331,7.65002874654234,6.9379884632644,7.1656657362112,6.85177605840573,7.45279623099476,6.7764063002972,6.68390545355052,6.84492137750979,7.39148339233427,7.71054097523294,6.53497523848764,7.58824689091638,6.51733747236173,6.91148107700714,6.46848427148169,6.96775569966393,6.51044440430745,7.25881960722536,7.04453682500737,8.14512019945345,7.06350931624368,7.26281144035043,7.54154535126344,6.83607432898576,6.90666958154985,7.12362837494788,7.04109144773178,7.19067752710472,7.25459851907899,7.37567562015257,7.5300362880991,7.56739576711295,6.98900142258231,6.95205138094759,7.07043840519297,7.42585539924244,7.45895657551589,7.15561934367477,7.42893365096823,7.83082551806806,7.76482915687537,7.45279872605316
"Dapma7bEVm001463",5.41860512221481,5.04362297910453,4.80644212796498,5.69747495056124,6.01249443866981,5.59675812691756,5.55881789655325,4.83417048616343,5.25929469319768,5.77611290417634,5.35718702012734,5.12620443656194,4.55250615566328,5.33929296473455,4.37123223167173,5.48751243763711,5.51566872203727,5.3541895615901,4.84604403491869,5.06292949228543,5.19113303017283,5.19598281004216,4.75077778991369,4.61229945011904,4.91691318165038,4.87765230780333,5.04908382405306,5.07329035439194,4.90440507938896,5.01841827096256,4.99347970783107,4.7942695330544,5.24203679009021,5.07737215309131,5.062708061202,5.11425302203806,5.29832588602649,5.28392722812081,5.08113074481139,4.81388442810102,5.43793396385757,5.13938398942473,4.97382793798217,4.6706000347482,4.58014412524254,5.28578069992357,4.51022392053627,4.89611831835156,5.28111281351745,5.20679267492174,4.81005348229749,5.35136161217562,5.06608906227485,5.01810181674427,5.01330524283613,4.96453131736794,4.52162392354509,5.60979200589687,5.08113980989851,5.19066292951403,4.87940722407671,4.70477301086747,5.12998351569316,5.70532176838628,4.97911795947926,4.51075705626357,4.81330945809074,4.90443532274021,4.60362033260022,5.23243710042132,4.24602261720365,4.1935492268074,4.60171553853908,4.73801493771375,4.60874495679063,4.57852812905022,4.18487598434761,4.91334127125875
"Dapma7bEVm000474",8.45847907014711,9.44356381992693,7.71853837261248,9.0676159622178,9.25216012536239,7.76059407423229,8.85037894620119,8.26178449511215,8.16717236655673,8.49368995226962,7.6857333095184,7.74658120668617,8.04555603870806,8.82540222653425,7.70076768002016,7.43809931424051,8.40507758090485,8.6475324033788,8.60733648640798,7.4389641179856,7.41970795747614,7.18449748184578,8.29567410093977,7.73075547947114,8.21952907914918,8.35604023226531,8.43859226268112,8.85959115698252,7.44649673276578,6.84736373118483,7.27717403672079,7.70161433795265,8.40343339847834,8.04264906992824,8.69425590997323,7.91650473932285,8.29200817432496,8.64794951768972,8.09683008856691,7.58038492118333,8.8853888089165,7.79430409381627,7.47734019106529,7.91226651880548,8.07301282108912,8.66511036489871,7.19076472265587,8.1724558628314,7.65076295546969,7.56342787615722,8.06596696421614,8.66955939724237,7.51544355263372,8.02631307925503,8.76509699056787,7.87963229689273,7.40037611847585,7.9490696015004,7.47701693344535,8.02055140506466,7.37350754346205,8.27735100046697,8.83907303987848,7.54391771475641,8.51702336640026,8.56361091242561,7.83385464976272,7.68530413302244,7.3858851032751,8.84387454115055,7.43226678714783,7.99691706003329,7.52478855475827,8.34701789486084,6.9457844222357,7.51679526296283,7.61805494975507,7.6836262989398
"Dapma7bEVm007224",5.23959955928219,6.10480983903265,5.62091812265394,5.82892062149186,4.93117741218454,5.20358250451858,4.87899474294071,4.52645423668664,4.99008309361029,5.56459765269018,4.90583032010555,5.0317833991568,5.21340648642254,4.79905103811553,5.2821524531442,5.56092300846755,5.21973437182294,4.99388186179413,4.9595700948492,4.62154860513184,5.23243322707476,5.24534655207901,4.72023279137975,4.25159124098505,4.82613613802609,5.17228930525653,5.13743107828001,4.98657332915589,4.84263797800722,4.80448616593424,5.07867243290654,4.87168113773009,4.95717320959307,4.81382959696351,4.85315236526675,5.20112880523295,4.85557835291618,4.89497946378884,4.88785854126807,4.72045816667321,4.88262422621804,5.005244752243,4.62561592333915,4.71832018350035,4.87315710925311,5.37268339787744,4.88962580963386,5.00853001726173,5.0669020607747,5.48202214135771,5.3941519061435,4.80099166116139,5.24911064526093,4.979062325603,5.30773395296825,4.89458408177824,4.80069018579474,5.11857862415181,4.93530895504045,5.24112679062213,4.92125818368795,4.96745818764653,4.67475246428125,4.17436348120841,5.04160739563564,4.82527042757143,4.9951588362943,4.70549605154486,4.9205616979011,5.09756917013319,4.89233312341974,5.35043077697573,4.95064553376822,4.89457928535818,4.86196270090045,4.97284020753637,4.70298230990943,4.77729152716712
"Dapma7bEVm009528",8.37005761661559,8.30847733762132,8.10046170641704,9.21876046589304,8.25466281015691,8.75813569569501,7.7091000325743,7.57413891470622,7.95721531619371,7.01590034944897,7.30638248124311,7.8633090921331,7.96887870378421,7.91981851351611,7.92270919088098,7.69796003185926,7.77968017095058,8.04335518547655,8.07395158600161,8.03249419661126,7.48308110044285,7.31896428317191,7.7707158328701,7.76514966581868,7.35583442557927,7.99665937549117,7.6712003438189,7.9146637580453,7.35277093023893,6.99286211329154,7.83379801923383,8.03681752890388,7.46153582843683,7.3310471087765,7.11930322778947,8.0265076268175,7.48128008107589,7.339136211683,7.28671595662577,6.85160587206685,8.29649887266528,7.4555699226008,7.45329902885547,7.58351272345377,7.22277821592186,7.22234176219433,7.30585081051458,8.11932295401038,6.78614451773691,8.12560819891736,6.98470437253509,7.5046728203738,7.67292268653526,7.9215798444077,7.7468733272853,6.90440429401634,7.70062255339626,7.95067700074539,7.92860698581943,8.28426978086685,7.82891726341103,8.04761526115445,7.72002836902398,7.36427560533109,8.46337210003496,7.49987150247093,8.27341737531088,8.34908282071801,8.32120553021088,7.84079387087077,7.77039833051346,7.8732407146722,8.28934758359097,7.72712270441975,7.01767900880995,8.23867968741832,8.29371427827196,8.36810817890754
"Dapma7bEVm010045",6.0314487028352,6.19586817973351,6.65125174368482,6.44109003142033,5.93222931742681,6.5358590799318,5.87716600255042,5.83308277368907,6.16754473536831,6.61934350346827,5.41637823978856,6.40272658388161,5.33161132169862,5.97083159528074,5.61887444736384,6.08467834294483,6.3199095156453,6.16176065357492,5.96620931128723,5.0244847012487,5.50902409781389,5.86852020170317,5.36050117722602,5.1398225111216,4.89853178130283,5.65175813266213,5.95472596168472,5.88657358482572,5.60779599566065,5.41449319077028,6.47482422324224,5.90852666860335,6.2445334414934,5.46195568264783,5.8940507369415,5.72853843442687,5.99387683465585,6.43906520439617,5.88927949900302,5.14610549016597,6.33002452458064,6.49063784436946,4.84735262736602,5.839822561358,5.61930836587426,5.93148275734442,5.51789811006529,5.68006845958909,5.66171281861892,6.08877294372573,5.91844786446646,5.71250998196296,6.25928149444422,6.21595427783611,6.3935314668267,5.27163766180548,5.57275452335049,6.07978534698678,5.39074817902797,6.2367258561607,4.73475962337529,5.71813288886911,6.64473077364413,5.24167357024521,6.09142093948711,6.35400146239524,5.90519114807784,5.35879299628035,5.20991946263928,5.92418748070168,5.30688863871491,5.36948071411134,5.49478861436833,5.96882324881362,4.62313108290498,5.09230007530232,5.92825026958718,5.4884544960593
"Dapma7bEVm019000",4.99238792145663,4.98933535300647,4.88375307419479,5.51594057087739,5.14302866647758,4.93894146896739,4.72798347456987,4.52196741678998,4.58634051511979,4.04422293440574,4.22641412914363,4.81311574108957,4.75039658671278,4.75961218262205,4.93855013834865,4.66835686056546,4.47977443560416,5.23021351902113,4.66044117522446,4.46191717286871,4.52700482292257,4.12276081822047,4.76128737991977,4.82769847827914,4.55443920601407,4.42677715548331,4.28684550167721,4.74340332903691,4.15256516336627,3.9040169583902,4.07039729462413,4.45059413062863,4.0859461107671,4.34875944007737,4.03306059647486,5.03870431004787,4.04627046016334,4.32970431639182,4.49106846136768,3.30134669288909,4.42874945124645,4.59286511934949,4.61170107389465,4.95470217244503,4.02400624042987,4.43775063454432,4.59242669446986,4.59487526641411,4.34680890528205,4.56544300036121,4.09864848126372,4.22217064678347,3.85234020687059,4.981545408609,4.33832011668883,4.10109434667209,4.63286045875747,4.77101476877106,4.77233620555336,5.04994456466854,4.05087921318109,4.20786893003377,4.33901400158952,4.38513593060705,5.00792567177751,4.26562042991373,4.95702608586313,4.77112375332073,3.98911422450473,4.25478954994237,4.55562411388186,3.43015706604768,4.77617575338228,4.68462530270705,3.94715824560596,4.58793534540718,4.68429828749805,4.8091179476304
"Dapma7bEVm001752",8.17223496014714,7.81023451066189,8.43083543814122,8.87183876485895,8.01212435017304,8.15797470446335,6.78058014170532,7.23841087359326,7.69538104514957,6.56585549869606,6.87697079092369,7.66176568845587,7.38020742811759,7.51856004704261,7.86196885025614,7.27221937312813,7.11758704917274,7.82718535165263,7.60786485869225,7.25490899576345,7.15108029910634,7.20838449352029,7.79903369031483,7.19305636880921,7.78990640589396,7.34637377852109,6.95236206509838,7.85006219923226,6.66592583867073,6.92542958219118,7.1282624625097,7.60878595467966,6.56374877485991,6.89074906686885,6.70148678275215,7.26946449400588,6.73566269790352,7.11886016567518,7.06624379660698,6.77289300144307,7.16800902118188,7.18266712474387,7.16151440343503,7.61703143646107,7.16439250058939,7.13360901333373,7.06814772982637,8.01572687789379,6.94460441333159,7.53179600474508,6.89881532326062,7.14287429089514,6.89863666671582,7.49473018830253,6.9512036064215,6.84702447215972,7.28473141486626,7.85767063235647,7.36892221086746,7.82679847958261,7.04561299266379,7.41113659844292,7.14703217120379,7.52217432939032,8.13252655737267,6.86646428686362,8.01560945526504,7.94883848480614,7.38886373047719,7.36242486799413,7.49873367859242,8.08349816614657,7.21171292568893,7.53382389079434,7.17687199638578,7.82839072652435,7.51691309519515,8.13802661545871
"Dapma7bEVm002744",9.04043268927858,9.25072656358215,8.82304180044326,10.0250649757668,8.97938525948518,9.55477876793677,8.27406790752252,8.63787647307304,8.53041940388581,7.20988466950633,7.79411932274522,8.21305065003115,8.76703403858953,8.86960588859759,8.26107888954001,8.31840776155105,8.38412247361801,8.96108398618371,8.58842328525224,8.87675579459523,8.78063606686287,7.42058714511488,8.7473073667991,8.34398103328372,7.42479095902232,8.61388482902503,8.24603266344908,8.8283977990552,8.0617424668995,7.59353358324257,8.00719273228467,9.01964573440092,8.13846607661844,6.97422603466044,7.55684731507036,8.90839643977304,8.15854034639518,7.98132315315759,8.03793514000473,7.67825817279925,9.16884254820146,8.21829647646183,8.29808893791973,8.46455120903269,8.35516532767315,7.9350660110965,7.99643850372013,9.01774800943717,7.39658001834707,9.15071508708449,7.50353382313097,8.28883507521823,8.19214339607099,8.68346331171964,8.07400023256085,7.46128371126165,8.49004187860986,8.3951540636336,8.60591412649349,8.55798745809861,8.57079571443171,8.67808352186989,8.3099234925448,7.97093584424091,9.34005544823269,7.99847933947507,8.93225128180283,8.99044616763441,8.87915527501429,8.32735763573541,8.61659217032598,8.99618415200699,8.76165595479113,8.69829015017606,7.53439698685127,9.13788235566877,8.86722711024521,9.04731610415214
"Dapma7bEVm009835",6.76248677858099,5.73682092389024,6.51580311025053,7.55697603262572,6.92090907574386,6.24134239172288,5.52878940058628,5.22602938838729,5.83158296186263,5.26095699057806,5.459427382848,5.8195446114314,5.62175019002725,6.2267227212316,6.55058283534672,5.5701324481451,5.42002016788665,6.35043954276423,6.08658780666867,5.76239821506739,6.01138098031861,5.92122659051724,5.98499899819837,5.62043503696547,6.18364883624058,5.75682244137048,6.04553230037632,6.29573775712801,5.89580050085852,5.54136625042636,5.80099493520173,6.47075875076511,5.48947835845757,5.53307582811793,5.67437354425554,5.94098833903938,5.33066823525612,5.38505518623297,5.75218776396871,5.73908709631584,5.4808493882383,5.74265173890545,5.94754530254729,6.24772058218517,5.73951446602899,5.61656382956521,5.52418122808512,6.55720098516012,5.63292799300029,5.9936553735458,5.37330028977481,5.40294970209395,5.51577918228856,5.22596313422255,5.50128928401514,5.43826629882395,5.23014432720865,6.22005577466931,5.97430707309524,6.55006774844427,5.48692885569852,5.84522301101192,5.61320290960795,5.78179794165023,6.8059989054388,5.3942224242757,6.24977779324141,6.12594412128487,5.6786626264869,5.42680886257431,6.01726714885708,7.03477381276971,5.9084109781386,6.13696602585726,5.21009655919958,5.69653285576572,6.29718983888337,6.38241231820924
"Dapma7bEVm009820",9.08858583413887,8.0359441472441,7.92441985515967,9.112154780381,8.8024445222257,8.36470336123526,7.44045781627797,7.36463760708068,7.67451724334314,7.10253886400563,7.20693213404426,7.93707882954792,7.75891779895309,7.95081706210562,8.07300158631717,7.88362188870449,7.62910748986108,8.51112409665593,7.96926708441061,7.52165638538451,7.2072921550872,7.67140507041217,8.06557640238697,7.40701155360125,8.30997776268518,8.27032363749329,7.72141883852142,8.70796865157839,7.87255054317453,7.02984997915139,6.75231757084992,8.06220861515913,6.778968053022,6.40083869826146,7.1603046243066,8.30516847348175,7.14639194681972,7.08870661667678,7.19994507341269,7.40169428145162,7.60114606111653,6.8866278259577,8.10631280108746,7.97671046407423,7.18298170204624,7.29052300949222,6.86212907018119,8.50426328424965,7.19502772062858,8.41043153485199,6.97850112329849,7.75431325794686,7.4592596326211,8.33487853896317,6.80336160584112,7.37013462186758,7.92322940013366,8.34151236568611,7.4950205170346,8.28632317212868,6.71715815292069,7.39955847733341,7.26686848536572,7.15907042401512,8.47010307138495,7.49547574392459,7.86689959553066,7.65785592725082,6.66380574517195,7.99759035264758,7.00681738103389,7.02708021349808,7.28940726636189,7.37044102001001,6.86949253152026,7.08701380774425,7.55304441976776,7.92779596089591
"Dapma7bEVm001866",5.450234969937,5.4925951730063,5.10322426442459,5.55513372153227,5.67343600080673,5.42960548637978,4.37948506247827,4.70979612087073,4.89048308882701,4.50497715173281,4.6004159731595,4.7365079822647,4.49741020616157,4.86635123366043,5.26653355473563,4.81618292047758,4.53607851640012,4.85839383141055,5.01779001148699,4.74307352557391,4.79011864665284,4.6013815630323,4.84789894728184,5.18101414631864,5.20543350497377,5.0011056205173,5.28007613585447,4.98519863110575,4.77258931764514,4.56819057566516,4.77167812668598,4.33002485891359,4.8884669763758,4.87587990446268,4.84532197268621,5.20764351690023,4.52338364931836,4.70690037470142,4.91189525103279,3.78815715317737,4.57272110268629,4.94714602471605,4.84108815252686,5.12094987782111,4.52729765774589,4.3362037889213,4.19843142205974,5.0309556888601,4.65508032397158,4.57650872389246,4.55449710272851,4.9604315278864,4.1229273860197,4.67036520673957,4.80212288234556,4.3471759641591,4.47203767720245,4.67481814983113,4.55957888142561,5.12689732823279,4.79964332572758,4.89930489852121,4.93878139644176,5.13529295379904,4.25023071369318,4.79277549964496,4.60416438929475,5.08046802304264,4.6759130958403,5.0172759819543,4.84916622333159,4.47666456925569,4.61960656627636,4.82772152530479,4.40383720063857,4.73006837907379,4.75166280919152,4.8437175735042
"Dapma7bEVm018418",7.30567753075081,6.52528431071605,6.46596497203882,7.62706328664719,7.07002713668745,6.80503064599184,5.83676611137504,6.13067875940721,6.3206284873651,5.71525975321222,6.20051305533057,6.91843084069352,5.76425623026118,6.38513411676748,6.46308693306965,6.48080852643946,6.12260377214788,6.32088398349932,6.51917871458142,5.97909787390541,6.14894156832769,5.92088427459349,6.5840091728789,5.72980012853184,6.53581005135194,5.97381085088598,6.23372283855734,6.83513591784414,5.76458255948208,5.94214915788947,6.49154639469603,6.23364096208802,5.99681504789531,5.50868935783302,5.78679014707324,6.46463140419108,5.53233123830634,5.56542436115499,5.65785711715933,6.04600786755362,6.10630550630292,6.29864047682222,6.48439244146459,6.46934280678052,6.13780945210864,6.07455996594101,5.86333949406969,6.47313115823285,5.74244837079897,6.34424862749612,5.61465539014151,5.90366299883768,5.65516886357474,6.16864564680062,5.80076608655201,5.83742324823844,6.26490350944418,6.42306675505758,6.13565738327417,6.51502441002367,5.710179328553,5.78147294570154,5.99765677958435,5.58940140373776,7.10876480936347,5.25604014716531,6.2601693082646,6.45135974526534,4.89670393296554,5.68678705626836,5.41709405901254,7.02801711938474,5.99873496974671,5.78352793204099,5.92587727705196,5.77443262765187,6.13211500793459,6.33758110873326
"Dapma7bEVm005775",9.3672969070673,8.42791607871231,8.81904537786871,9.66179094710129,9.13164313309659,8.68629464322761,7.85688234987749,8.0087549036016,7.98468471092215,7.59652164421599,7.52385618195402,8.51614960081352,8.38428920664472,8.73136241716329,8.57172421958618,8.43385539410891,8.10409184015647,9.62373477875961,8.85896408890731,8.38520863240066,7.79749659693026,7.94414599665579,8.77233852479953,7.77921146300328,8.57597900549709,8.1894577947107,8.3629244904418,8.87492688200798,7.82452597103371,6.8012030033578,7.72625510086489,8.08650734112175,7.86991609316868,7.15055203339519,7.35331223930852,8.84255819388304,7.75101749531165,7.07763679323084,8.02400231059518,7.6226993456884,8.40022675532349,7.88910706475165,8.14774916722787,8.72007214341527,8.04347133079836,7.78775987548361,7.44771772223761,8.43413176646506,7.69832284693475,8.0429846886851,7.23346527272828,8.7238466116227,7.73936404879008,8.57848777915669,7.67503115914289,7.84814576820245,8.09397252298061,8.32618413774515,8.31023730178735,8.26184562237208,7.06490851891138,7.73366416157889,8.14810339806326,7.8651025596348,8.71818409174004,7.36317005978856,8.18290742337393,8.42231807659215,6.97888195264732,7.75264877105185,7.16738203721626,8.19454112555392,8.16513646349124,8.17576870516124,7.15628603351938,7.86056547688133,8.71103437569847,8.555192416624
"Dapma7bEVm002637",8.46228751343123,7.69174921919805,7.91462243094211,8.45679864274834,8.42546349811431,8.31201047599631,6.92312009455131,6.37436948500399,8.13467911788316,6.70904869589949,6.71759651620001,7.57293082270911,7.07530059056458,7.17186074771421,8.01790591780018,7.81972327145157,6.98296946883011,8.39286668649402,8.08486831382228,7.23845853336814,6.48196115737359,7.30539343642265,7.48832753896992,7.91755117923185,7.31647617649269,7.08161352659419,6.87000628316097,7.34699358239604,6.85033029095211,6.68809041958985,7.01438677134743,8.23205949693396,6.48643126298113,6.54901088860332,6.61860556025528,7.94366113778006,6.50274606527489,6.58247240697672,6.5709038142849,6.85887395546024,6.60325672038443,6.87816574915458,6.98379429617777,7.47186782223092,6.34702074856583,6.47983537687693,6.61286329513768,7.9003289885894,6.94993966516414,6.82589157856689,6.32696057492885,7.02969639095997,6.95416341243212,7.11053222141326,6.77770655281221,6.63983109012135,6.81848746851816,7.41740537018305,7.44751983922884,7.77211191441098,6.55689358982741,6.66575300169882,6.51850936901485,7.97239237314874,8.3283811209132,6.62856456747554,7.47950633727086,8.25267635484253,6.31208182335117,7.53934866150691,7.08326523283928,8.23005796372486,7.32091181010434,7.49131803559918,6.55483098065105,7.47440946356071,8.02964148434189,8.17347598020513
"Dapma7bEVm000390",6.55428881723858,6.26333161487503,6.55417684600298,7.91910289383557,6.64035083488487,6.45631300927753,5.70869859724719,5.88198882683181,6.38177558208524,5.05225161902388,5.59802525134807,5.69214542992208,6.149290197583,6.56167530476726,6.64051997063548,5.88663038917489,5.52963022832618,6.56509145741947,6.15914363772542,5.90888701222254,6.03317460816177,5.41186994967158,6.176413181496,5.83262100510245,4.90420196189562,6.11093554081754,5.65207715417631,6.44311426760302,5.44807560524129,4.84532779734089,5.83780029282733,6.39278147805796,5.60055302143311,4.93130366249315,5.37820542984291,6.14775780747361,5.8240008665185,5.10949299536466,5.74616985178474,5.64307817615809,6.37753674514453,5.24657118536646,6.18122204119983,5.79362704842042,5.2822707165402,5.43772643886328,5.43899528729959,6.43636589574727,5.46908995275585,6.35261396179192,4.61832586125634,5.71940241020218,5.51954809073134,6.34049323391751,5.64080120405384,5.20843576074291,6.05879621452923,6.33688327216492,6.28896213089061,6.57499982975811,5.81867490970485,6.38150747329289,5.68026103864538,5.71500537554176,6.96302833757366,5.66087528519283,6.79897686059623,6.9086394982174,6.38613564958659,6.0122081129866,5.97802587007653,6.65557874766868,6.31475950521579,6.32002964307987,5.23663515504883,6.48852818714382,6.1874881654498,6.69445179249724
"Dapma7bEVm003111",7.17660957876306,6.81788019568261,6.80890544288203,7.82830763786396,7.27824043021294,7.37278951115778,6.15506400069037,6.14587155034632,6.80761375620171,5.22561594283134,5.32093832633979,6.38016696783474,6.25354018829841,6.59127706662665,6.65489403347373,6.50309020545597,5.86258946394555,6.74881461386703,6.56980837763427,6.75433524622922,6.20745888331997,5.74970188077861,6.60601156501418,6.66885203975828,5.91542360303904,6.46754365519253,5.89458218126155,6.93049277046773,5.9001134027394,5.85227998284665,6.50386763971093,6.30130048544718,5.40293642799219,5.33500638168128,5.38800493317703,6.65750386520356,5.8086868376099,5.72055430411916,5.86016271315962,4.57165884936864,6.67108676311683,5.48043294717056,6.14746972543233,6.18341800615517,5.7646215183309,5.69614118626361,6.00744654092446,6.97684101865701,5.54650672235174,6.46861163590893,5.33453862256047,6.41965294133664,5.72188988003932,6.68733728219662,5.74367998800192,5.5658933479041,6.61723869624516,6.57415711290979,6.56682089064659,6.92981276339709,5.93755164240372,6.58121860284875,5.78273721699782,6.22939270657859,7.08252098100582,5.74070194694627,6.76051094259582,7.17366071639424,6.39823746635431,6.36394445653006,6.31786686500589,6.39869750830014,6.4582146722614,6.43775408242672,5.59287252597412,6.96409892256305,7.34785973883492,6.99594771783758
"Dapma7bEVm011089",7.64714872653373,7.54215914993898,7.81048842847751,8.50074938554631,7.80558257479379,7.66004683532785,6.6019733325255,6.87624508842372,7.38651375718377,6.46173667743551,6.41458872035784,7.03348573601018,6.54387228935525,7.07363261723653,7.05617856789214,6.42254832076522,7.38814088411797,7.26960348564493,7.10228394087779,6.83064158718178,6.86816187945261,6.90436927932546,7.17875888740631,6.53510574250977,6.6393720158374,6.86219439095092,6.07178857871469,7.68321042875905,6.41745575253606,6.11134738429606,6.95740968732589,7.19344191011269,6.60557549352645,6.11490147610206,7.04518481895723,7.15349877299468,6.44770535391132,6.90497660818243,6.549547549842,6.49582084787595,7.22381110647145,6.84795277992286,7.42674113658512,7.20126046723485,6.69582544946616,6.83515237604325,6.79548092077182,7.40634137416112,7.09194960628633,7.08022326148382,6.72485949453339,6.53314893022403,6.01299213727491,7.03543159029358,7.11492466217104,6.44161005392232,6.97848963878103,7.33645465222749,6.6654428409259,7.11085016745636,6.30544750066449,6.92863771857362,6.83488176215919,7.17619483903082,7.94429587339553,6.73033783893978,7.73440430215836,7.2477245856818,6.11942796525468,7.03244952591971,6.7723400914006,7.02455922774272,6.82437582486477,6.97395870327275,6.28256979770231,7.0246098684244,6.51454441460887,7.10711035624076
"Dapma7bEVm027409",7.68231134656821,7.18771880066563,7.28014691752805,8.28962651852783,7.56772556553185,7.27984834099267,6.04475588793367,5.56789467959409,6.92669058270216,6.47943773361504,5.98049062467485,6.92538529364099,6.34472947433593,6.76128850490509,7.11086749228476,6.92484064063854,6.43811707449148,5.87751612708171,6.91363551906309,6.37950666608451,6.47229221628436,6.7721680927487,6.84508286898503,6.51135583370139,6.66684928442333,6.25907257289106,6.04824121243225,7.32945448619868,6.21548666994738,6.48762987324925,6.50129454298008,7.40487553684976,5.5798552898261,5.41147444768002,6.04932475778127,6.61838687038487,6.22032179129157,5.7668307317179,6.18163186823385,6.19783557304997,5.93734682361516,6.15041169503864,6.84511966097515,6.60824693680249,5.93475421489864,6.20108703221918,6.40184669685817,7.4562142119111,5.88123455734239,6.48163910499238,6.04381569709108,5.86819086568835,6.90558842014349,6.85588561527605,5.70844471256461,5.76764248198835,6.9490689549993,6.76314751755355,6.68807339038417,7.07780584224395,6.01389858132466,6.01463132550785,5.70024347634464,5.58402374483419,7.25480565334473,5.97758931876016,6.90563877104274,7.0048548704702,5.98412165569566,6.5111244710049,6.23674591219208,8.0123671377751,6.8400002411616,6.75026918981981,6.22137134258112,6.80233755166567,7.28794555448899,7.12396553019625
"Dapma7bEVm000393",5.8533030878002,6.00765861726724,5.60090534290897,6.73248693413609,5.78055455773524,6.16769345534722,4.93844297641512,4.84603055470165,5.78243327995475,6.04325112449966,5.31185067788291,5.796812092273,5.23702370980147,5.5809008000543,5.45820982394403,5.61269656962199,5.69749722207406,5.38794186906793,5.48194813140095,5.08724411793063,5.05110268969139,5.36278189379113,5.28212113416144,5.5749200184185,5.81753765564541,5.25011024518293,5.40212856321044,5.69806171685815,5.16724407440038,5.37886830221902,5.17770165320309,5.29565216368197,4.95162620982869,5.59110071180635,5.25155937266928,5.5465927798603,5.21449759433341,5.42159707016067,5.67513569849527,4.97046701962477,5.25252905784819,5.43551864088742,5.41705111476905,5.51138628099779,5.75799370002401,5.37292786770341,4.53752833474904,5.74569414224347,5.46499992719817,5.48617457253989,5.83880022225279,4.79848354745346,5.53015329798689,5.55009810055103,5.38282072171324,5.05810237443646,4.43524781979951,5.089899725555,5.11512145390528,5.39840181216323,5.1104611487109,5.21810486067695,5.35221336419124,5.38095324770693,5.9585954123108,5.44176348238221,5.51716058265336,5.57976959643104,5.03720327115104,5.07408140397071,4.91803262204168,4.50669985984343,5.24988575832157,5.46981840457113,4.94943776393949,5.38614421220157,5.28298786119579,5.51276469258145
"Dapma7bEVm015255",5.94854723473941,5.71814620084719,5.72674461217834,6.60651316247745,6.1745159265155,5.62281028685573,5.07571395270766,4.67046820148526,5.1747024718879,4.67201609943729,5.01104349316835,5.24567321799612,4.64834336782077,4.8625608021308,5.58558854714423,4.90772368499236,5.10142815845439,5.56419049673792,5.46313042121254,5.50090466100909,5.04367967027704,5.06129737610853,5.59993220645524,4.96164264483903,5.4014029546203,5.22758993322029,4.64764786223825,5.54748911872076,4.88004620234607,5.25688964812225,5.3286838685153,5.25801705043364,4.85270504796125,5.04410159433026,4.88761376919313,5.20371082342855,4.43548884561298,4.94326582644613,4.91579884983154,5.19060613243425,5.03148410281629,4.98842233381372,5.45347783674814,5.30390081537266,5.15978972136697,4.98941452473237,4.64097391193949,5.89350392854035,5.06674891671816,5.05881054772403,4.66294546270447,5.09527439583493,4.32518377720419,5.17188275889713,4.78307368483256,5.08622000633151,5.58116804443844,5.65467998135369,5.20063519898317,5.12258275827355,4.54156512606898,4.74095374103754,5.08580909053503,4.56632671238549,5.87566394336445,4.85669042690823,5.38778577445973,5.17333398643243,4.2203033040072,5.06699511540516,5.24872477690491,5.36821227168799,4.98204972992462,5.15563138180807,4.8068286454403,5.25560324863178,5.62080359172794,5.35507273178841
"Dapma7bEVm015046",7.83929339074293,7.40740419971709,7.3191566534873,8.3024130795365,7.93817489622504,7.0851965637543,6.21659176250135,5.89083341639563,7.10471928061647,5.84001379532774,5.83664534047221,7.04863103071117,6.63615660889772,6.84125230092447,7.37455922401145,6.75987606141829,6.57365441247869,7.54049216301173,7.27595314726956,6.3668579656435,6.56494868470072,5.66752638950579,6.9818491254032,6.55372277621639,6.8594105630129,6.95206723994322,6.22145564302089,7.43763487995227,6.77201311821304,5.80927679135638,6.67597954882691,7.42865607003507,5.73472380792638,5.91898474581517,5.59089823234065,7.04206098872595,6.17778904977566,6.07458378590346,6.20675380659063,6.35260097833962,6.73280990981397,6.022363165053,6.97472448493063,7.22478781173954,6.06827824755741,6.04385438785889,5.98418286144413,7.25249033448431,5.99096160167396,6.65516862035451,5.45019499184201,6.77559064031877,5.96873611361041,7.13150040468116,6.01339212508014,5.65406861059647,6.41369823671458,7.1861630056133,6.82739294236189,7.10559068378645,5.84420749269082,6.44403981410747,5.89328062819326,6.21874397525131,7.48074160584294,6.29495044433744,7.28963378511795,7.20493650330901,6.24349711903934,6.78025092109826,6.89383000709738,7.39819349808618,7.14448062270495,7.26799445657868,5.73817703351668,7.10865336130259,7.59327671474438,7.28484069022365
"Dapma7bEVm010742",7.50771887939739,8.0264231748752,8.69937023376229,8.21928372508966,8.10149227404774,8.04148420998861,8.13696532137617,7.81506693893085,8.56741136714754,7.964875202979,7.40262040817056,7.69423962298999,6.96229880650332,7.01680549003767,6.97050475402108,7.69029790681704,8.36685034981246,7.24350441184843,7.40665773070067,6.40994808408741,6.4564424131239,7.75078100455959,7.41715643218052,6.22868707754576,6.94452727173578,7.50086173588138,6.21159614179308,7.74300837778191,6.74718833082648,6.29182876068759,7.66261058901933,7.1527158910312,8.27314516896369,7.8575760019262,7.4144434123293,6.88614640194337,7.92934022612746,8.00785701616721,7.97098044259069,7.14873287785757,8.12324220782674,7.87788694123788,6.57543808257148,7.01721439815504,7.33865032830013,7.29487876958021,7.1275679997078,7.50079778580457,7.84170928592301,8.03551395648479,7.44136473685483,7.11509915779257,7.56906909431876,7.86179949723231,8.53660285949,7.9069169176402,6.67503714516099,6.70118972564077,5.62365929423917,8.0859984706063,5.97520617086731,6.9010477581946,8.40612511269337,7.13933428129448,7.58761492938132,7.22201279497725,7.50111156476067,5.94583939608874,6.21934583572581,7.33633620016102,6.19132650180073,6.9740654308696,6.09520323045755,6.09875109567275,6.69817636742334,5.74119933052533,6.06306567209619,6.29881144167053
"Dapma7bEVm001468",7.82628452832425,7.35796756539738,7.36369404252399,8.30877707578056,7.66477947785183,7.16351016901815,6.3910112008675,6.66580815907752,7.25387888158714,5.13538468715684,6.03062724684331,7.2216755113767,6.68643283548405,6.96917181940834,6.9075169532152,6.34612771067931,6.20955471541565,7.16011953084089,7.05984491999983,6.69654511112634,7.00733453175721,6.31693470783843,7.07792697611481,6.3650744932913,6.8393951335059,6.42729237481856,5.80251986947152,7.3645672612377,6.29717199615858,6.05391090629928,6.20904521557951,7.22537148953939,5.95632781886395,5.72064472410603,5.91194607484657,6.98002212768639,6.08460969866645,6.13950140556701,6.28462788453225,5.33495621090323,6.57968299405871,6.11509691771399,6.44393076136107,6.89557136447002,5.81201395948656,6.03382969932369,5.64072773795308,7.3020620051635,6.11701909917571,7.03943922249958,5.72855245912158,6.08425352285537,6.488700885587,6.80588622404591,6.00366271340343,5.90695285401049,6.4029146940081,7.06590443289651,6.75465830756172,7.12370914008236,6.44029725799439,6.48872173778197,6.25714701336115,6.49666938913691,7.5500937826056,6.08556717478327,7.35857338431216,7.34513265428392,6.74421107722452,6.52728688090879,6.7344772726726,7.45840230845814,6.87147921825992,6.86595864036836,5.92944672869612,6.90031308769584,7.18166213777375,7.53392713883092
"Dapma7bEVm018544",7.07732833048186,5.72058832067868,6.93870501987729,7.87408628880883,7.06341680506862,6.80368785535307,5.93096344163344,5.42186555467359,6.75714176651298,5.75737578028585,5.35223535806207,6.71510393640789,6.16417539625898,5.86932944314205,6.43614290178588,7.07565515572901,5.70523756775134,6.43297568162771,6.48571013502719,5.66166873068307,5.73052101433355,6.13324546692387,6.19616649275222,5.86706833868161,6.52863243123657,5.99677751502445,5.6812557182162,6.66132190390431,5.94206617149417,5.54994061504848,5.87124985930746,7.14665918146985,5.65528292854482,5.67430712375737,5.59475477384213,6.46075377034741,5.79042802604266,5.89073281805717,5.73597644474037,5.65185915642885,5.84027940333983,5.62911360537231,5.7450798554723,6.77398881389569,5.67956550065435,5.56121774787746,5.62404400324369,6.65396597371578,5.83967043443225,5.53389879782004,5.34776420238901,6.03996742050175,5.7159191794896,6.22237008631093,5.55836233223877,5.54938151388722,6.06892087922262,6.35721652974219,6.09885246652816,6.27365660360904,5.43483041748831,5.64691884809551,5.86214165998658,4.34155612301478,7.06425425449938,5.42043911795473,6.57853191142625,6.68125217222111,5.72064889443554,5.89428853560598,5.92880003260969,7.09475632971713,5.89265811435606,6.05251860615841,5.34294001847218,5.91717592049092,6.35304357017143,6.42280627128598
"Dapma7bEVm001803",6.91625861682261,4.79793142348401,6.33239447748989,6.61345389037848,6.9617326216537,6.53776148705389,4.42585379870853,4.90446712098033,5.63562936739941,4.73921837528635,5.48105741708022,5.89485558376892,5.78176554222994,6.28157854268403,5.33235506642075,5.67108583433072,5.12886391618231,6.10675834803155,6.07248259977073,5.24958715334037,5.09160047087282,5.53385671165823,6.02774436278335,5.63901657379171,6.01264211229865,6.24243205274257,6.03896300267417,6.5556113233947,5.74648269746447,4.48233297992596,4.89024178801604,5.86659993528085,4.56114888522298,4.95230011448614,5.12468989150584,6.3129134823204,5.30183440199389,4.91231534548767,5.28665882178258,5.33725268646124,5.71339231918367,5.40752534994655,5.25872736388578,5.87834255091957,5.74319468248243,5.23909634305232,5.20345647166273,5.89140030836165,5.37512202219623,5.64795951681726,4.52986988551409,5.57039596789431,5.7583209004469,6.11203320955137,5.24550954116158,5.18659774153811,5.96400673117012,5.95328336893991,5.73774671921529,6.34344001366938,4.84164803125144,5.87961432842552,5.25200509869739,6.01707103585067,5.9613558365969,5.13448397445947,5.33143091271559,5.10369670699367,4.81778373332197,5.33455154423134,4.35914543248586,4.88150855055188,4.88090685588072,5.04624682793156,5.07218774077259,4.93277933523558,5.95747511029764,5.54271417489733
"Dapma7bEVm000463",8.06359810854383,7.71866259873389,7.60189389086749,9.00277912591604,7.96161255455094,7.6626578864193,6.53872228868246,6.58672782661874,7.62104449257497,6.83105818429496,6.02374436082986,7.3814472608898,7.0106449701243,7.06765209856771,7.60383519354755,6.99213265779405,7.04337787714971,8.11371235237778,7.60643374125348,6.69642716699983,6.67003373157855,6.86473495150186,7.55893622794238,6.14333870565629,7.28018051663924,6.80929050613883,7.01824120290619,7.51654594667118,6.02265781587299,6.56551784527487,6.7950793102801,7.2725252744738,6.28318819384323,6.11542385066244,6.53303904998464,7.68799299167526,6.39072933953424,6.57374892147495,6.21309984592796,5.85595958370353,7.00010348134779,6.6883761194316,7.29549002045204,7.46099221768207,6.12627067637598,6.86174589713498,6.27123659961202,7.86082432435104,7.0906753498595,7.15243213337263,5.88234442998317,6.97967749881787,6.59236961169919,6.96962117220433,6.42390369871512,6.217943866584,6.71654662976749,7.39383533327281,6.99690410797997,7.97097503578772,6.21318365481116,6.38689603725396,6.35823582610671,7.48969803755556,8.39432699606511,6.41734433723961,7.74044465141681,7.78699330280281,6.43327026819121,6.87066605404969,7.23961761617131,7.38556129140116,7.84997360635264,7.18825427356384,6.5978673785811,6.95865149708262,8.58315048272781,7.80554379613798
"Dapma7bEVm005551",7.66653688664974,5.18520913305389,6.82337546868766,6.95528330141341,7.60818987773594,6.71732134888715,6.84141707107541,5.42537299511216,5.99109541894957,5.16827287091194,5.37468066590814,6.20857289285457,5.90582715182063,6.51894835130293,6.78101308481835,6.07162091817213,5.54254851757995,6.62427426915989,6.52277462432391,6.18312104465135,5.35755456577409,5.97254453660278,6.18238466167153,6.11658266837372,6.15237574321534,6.74187170357424,6.11486427109433,6.83637428549282,6.36880941101988,5.25955218821951,5.75980418705821,5.19731734674823,4.92372034220426,5.2558420156039,4.80242357350869,6.17266730044607,6.1897402621087,5.35367540389514,5.63494702368865,5.81528802083563,6.11270610128755,5.31693793080906,5.24310641263318,5.91241914200987,5.85128785715498,5.72039780304807,4.91315232528976,7.13266653115707,5.85626101211094,5.71373114056462,5.43429966535862,5.85217017234606,6.05610951878684,6.51729901982212,5.54662814056283,6.26387024930964,6.51811627027649,6.47227248310946,5.89664591105967,6.64229447409363,4.95327219540335,6.35389664976873,5.55828824342867,4.70286753811325,6.58201516273478,6.03571104979208,5.56182440891051,6.08327845374822,5.63407842333553,6.03250291751095,5.6619546855893,5.74252139835658,5.39668443804217,5.83832787093488,5.48130488703859,5.68949654478801,6.05630081017909,6.37619906176668
"Dapma7bEVm000539",6.26325130282059,5.7007532031678,5.32126848433196,6.60614890465383,6.08914510404879,5.46002202357346,4.6073326634414,3.95490838583324,5.08628324328717,4.79252586254165,4.4746665252318,5.28869437756808,4.81156664263258,5.34910384457191,5.53000680651611,4.84232039388119,4.68699959646676,5.86803751650495,5.29885997532764,4.72191637017148,4.56008288110517,5.13827038096659,5.30469971615432,4.88703339703839,5.38068601681744,5.46961877667601,4.68065191297837,5.58125941728517,5.08052964763124,4.29020969925965,4.16013617940571,5.56213222255079,3.94377581095429,4.57953188122918,4.78815231935599,5.16850619581561,4.63075704533694,4.10706947065159,4.65589333174409,3.45537258627227,4.51233894198871,4.70942356285516,4.58020142028445,5.49289907978644,4.28982635754575,5.09472936535496,5.1176878370821,5.70286056835684,4.57741391695945,5.12057478689141,4.53174951314768,4.66185068465002,4.67991827657052,4.9536113760658,4.68181757005506,4.61784081720465,4.3861112559032,5.51876961145923,5.03868220501291,5.13169713874095,4.76785252760533,4.89536754291367,4.73339919508772,5.35975356448449,5.74468487974354,4.7146665203289,5.473161435014,5.71480597633725,4.59114011028569,5.30717740021757,5.33998135348376,6.00216150280696,5.34794789073796,5.27340379952679,4.43166673896606,5.13831999123514,5.34165293950018,5.97564952828734
"Dapma7bEVm003181",7.42405420824335,4.77880663200314,6.80125815691668,7.40502430552784,7.16812283557838,7.27514851434928,5.30986657594488,4.84172686716611,6.06077782118972,5.52168154180708,4.66236803376279,6.79079107280373,5.73175662336446,6.18808223682138,7.13553438047222,6.09160266803551,5.72132473572853,6.7188107380423,6.46137497096119,5.47468870130235,5.59394600267149,6.5127368395969,6.11255094008111,5.90602788961472,6.57981790999975,6.24526699990241,5.972410434548,6.66435813932731,6.20023364318657,5.89606538948148,6.50923442716938,6.72168321693253,4.81874007200605,4.83645586084072,5.39829071548654,6.30835578797105,5.4367673418253,5.49824475148371,5.50128775544775,4.95720360681295,5.69405451833888,5.66271155584064,5.96070091791512,6.26878572915251,4.86484716696342,5.5246693024705,5.6499806939637,6.71407560201428,5.65650797470617,5.39440169243691,5.47142716768559,5.98608089070076,5.93904136061265,6.82103955752467,5.25829741037456,5.4382640541655,6.23768256722488,6.66591996120008,5.55314366857538,6.79417392980771,4.87873903151462,5.66020231945996,5.44995863633923,5.23601161077855,6.55211026230826,5.67790269350886,6.10367197406554,6.40224351705836,5.08572821066233,6.10449929883822,5.75751537866075,6.39526222669414,6.11348472713336,5.97086529225156,5.90582351294477,5.96137558954222,6.63577360279646,6.43706040837949
"Dapma7bEVm009982",8.1038747752943,7.00936448372901,7.57397897662917,8.72931116001228,8.07799040337426,7.72734225936377,6.51379044707747,6.11734882460046,7.32789294003258,5.17766183878139,5.80724558391971,7.10640965982441,6.61392384030968,7.17736945743981,7.32581590878841,6.91086346286574,6.64815018335408,7.54092938854071,7.42453397063687,6.42235500638253,6.39010829994831,6.75277038097304,7.44609576019363,6.13830636695189,7.06543986163278,6.45308187756774,6.87565675583929,7.65909214849925,6.43565869961507,5.81843742883348,6.32296769155491,7.40668917303823,6.13280058387028,5.12543825667939,6.50532556669558,7.12197404620175,6.2985459034725,6.16249869473317,6.44656240313692,5.76421755758496,6.35936826370404,6.62687177698087,7.37786929479511,7.2837658666155,5.96649512429724,5.90048317226054,5.92347082619328,7.72600936765751,6.55243087648296,6.9050157570623,5.7727874267846,6.95804922508855,6.19823585784292,7.12746821156456,6.32613599082998,5.96491422059006,6.27807736432063,7.68331891225282,6.67495555702013,7.65520183016602,5.95016382885505,6.58183660267904,5.94509043729928,6.79501982397082,7.78172894932262,6.34764397387573,7.58899681324543,7.40819024949372,6.1138789021475,6.62225397523177,6.86417861132991,7.77866943016665,7.11886286308473,7.41380339368841,6.59110242906589,6.88182532640609,7.51094714557173,7.71061052686265
"Dapma7bEVm014954",9.95984017999341,8.40845260978052,9.34298834946686,9.82230638257707,9.71166395494267,9.47993369461615,8.24379620877833,7.74204988521831,8.34748474810235,7.53701178878142,8.348470111497,8.49440572547201,8.3264216270302,9.07688202047701,8.84339156742767,8.77145657343266,8.27096693759461,9.64231526077078,8.97307423500065,8.39691167968015,8.03017705910503,8.61369204391807,8.91274324729503,7.92774203280811,8.80781291150553,9.05124289427621,8.30643688910327,9.49031727531465,8.40724208421661,7.44619814592012,7.9685357523131,8.93708785374616,7.74667866843559,7.20898557073099,7.72457312805098,9.17420453251874,7.81304309965772,7.32462264739722,8.16168264937043,7.73038900091906,8.52647462330508,7.65847556022612,8.43367099417335,8.6527136056709,7.89843072686393,7.95736253366462,7.03605765252947,9.14453496160413,7.60197491441674,8.35806216218789,7.28861589071342,8.42144786849836,7.2701096635411,8.95312268589101,7.58275219316312,8.11519900725973,8.63149431962253,9.11342705824712,8.59200160756294,8.84902113441231,7.18189351510035,8.43145342144286,7.80623493688417,8.14649313565669,9.0598351048347,7.74026967524401,8.14058040906317,8.50251411782886,6.9022302164347,8.40316140313542,6.77039025155961,8.31377941930252,7.66927778818755,7.3982626804556,7.47516940011863,7.28770801682799,8.16671639526423,8.28369710655378
"Dapma7bEVm009996",10.9635445800942,9.97783135132274,9.99693459863692,11.9012497361283,10.8730369267091,10.2652625524218,9.19424118804851,9.02944997080448,10.3773748118637,8.03073348978977,8.55944980757599,10.1292683587215,9.45100974926274,9.7148515528743,9.99870906671833,9.65433653711386,9.33230046318958,10.6787650058676,10.2170350223008,9.57402982275276,9.13537283281905,8.89592489700278,10.3695597778655,9.26543114747635,9.72220081261696,9.31728123571799,9.03961649802693,10.4199462837893,8.83789966920696,8.21162614731886,8.62297484258497,10.4633261311162,8.43934420615634,8.20046453098607,8.6308860376223,9.79967249313724,8.58160303308981,8.59309290458456,8.69873826726451,8.75808932785498,9.28236800996034,8.79657994488503,10.1766929340696,9.92691147426098,8.79108917169138,8.55317627842914,8.77614078235179,10.504447159727,8.95108298421687,9.85468677437179,8.07972669533208,9.10552885396597,8.25561933995412,9.74188138587217,8.60219326551071,8.41644986225666,9.24626319146078,10.3129106077787,9.47431355605887,10.6607710301339,8.64765919198978,9.15097737738438,8.65415208487128,9.51239745738586,11.0121483959453,8.80831284685717,10.1681910652197,10.1949636904756,8.76509839304635,9.36773907511377,9.63110616035751,10.8190553550138,9.90965843957385,9.96628072710231,8.57609780821267,9.79273752358766,10.6906707440925,10.6324627201526
"Dapma7bEVm001287",7.86078179060134,7.53962492471496,7.71926715859566,9.02398174670449,7.98248151918739,7.5979763357851,6.66671412662469,6.30473321898349,7.61599506626251,5.74607267810598,5.44988179955331,7.44053511963311,6.88135952371914,7.26199554621542,7.76032245465148,6.85335845267193,6.48089018463255,7.7527907378642,7.34335908864341,7.05862590331942,6.97901166159333,6.65048360705212,7.39684435497893,7.29215035377221,6.22857361028175,6.6495673916999,5.90540653945434,7.62887667225685,6.27295597858448,5.99787388230839,6.6337184789934,7.60052657793191,5.54259472597525,5.27197945021555,5.42318287950845,6.99129768112439,6.07749784095557,5.87211409744323,6.05126525317168,5.96370778088315,6.97664349210123,6.44990971338899,7.18400681746681,7.18540143528855,5.7957141357395,6.21289594814156,6.31995792856858,7.71648503341553,6.39496059468048,6.78711893451391,5.08754258429059,6.40953712570637,5.73739405865151,7.24378895439906,5.34143725996598,5.59890001084681,6.91732386687746,7.46191618591801,6.6446046717285,7.71673758458869,5.83656735011147,6.65986059973302,5.86728781972005,7.32019663377372,7.96135118788259,6.3150910399983,7.63037213890054,7.48342729408139,6.58188331457042,7.00981256818189,6.82761798500711,7.77724495284361,7.24217416365644,7.46374576918227,5.97302096300726,7.35707212133337,7.66755186444701,7.90378274701138
"Dapma7bEVm002889",8.91436468753682,8.39905601889446,8.45776573503447,9.85092291863466,8.90935893471681,8.02858754048419,6.97404734963076,7.5287384133167,7.91882310333235,6.36549962065142,6.70504347627372,8.142959974672,7.8103608227078,8.05209925117122,8.09096445365967,7.20500381087699,7.85667542247243,8.66642254003964,8.02190778086926,7.81989691130834,7.62858707997772,6.94987386101426,8.32482003775815,6.41739419083317,8.14764616172735,7.43891447652971,7.28616082277154,8.70678299417341,6.7888799179199,6.32344622021625,6.83872893510788,8.31932186815994,6.88021784213805,5.44193472318596,7.1548392845261,8.30948454439231,7.01366671406299,6.87041114939965,6.93693187313667,6.95498415454302,7.862228990476,6.8676195505946,8.6044614366143,8.1375236950765,7.01165146279737,7.29585476324797,6.59536953350177,8.38284906316087,7.49484097199107,8.15226238670438,6.65170131995571,7.62446777166336,7.1016397553061,7.8765801778561,6.78341109344724,6.53886252165523,7.75231658440051,8.12323964572158,7.70615453992355,8.53589874818536,6.69708661499477,7.10127485203923,6.75231882043543,7.49656955368553,9.06130214068843,7.14150309531911,8.66710875175923,8.22783837447701,6.93836857408117,7.29118252434232,7.74838013240821,7.70747345377973,8.45813136147387,8.02641129136382,7.06390767570865,7.87481317878424,8.4144429306451,8.48220429214308
"Dapma7bEVm000243",6.1772638901898,4.91052785309676,6.14749973040777,7.05093577348474,6.53534388376061,5.97121220076018,5.01146608051033,4.30686922083637,5.74507151661563,5.08983416667704,4.88494326867617,5.70302473158203,5.36871287660094,5.89327481474431,5.94749401907754,4.97163804535106,5.32886752126273,6.62667380107275,5.71777293660993,5.24665994600046,4.83438492604521,4.5427192779539,5.80372976170588,5.26900121277572,5.47580166678716,5.36908280468906,5.18252909212024,5.86415550800225,4.9412630070763,4.9659832074422,5.40989892018698,5.86314947358683,5.12598816810899,4.7024185715325,4.91471572215615,5.74131411971844,4.7923888065239,4.81833197584137,4.95613114530617,4.9912729666482,5.1490760348182,5.23289011490233,5.60096742087347,5.84036849531806,5.1035413151136,5.1607571498896,4.76872635290312,5.8544280511391,5.08102935227751,5.10206203676153,4.1993221416453,5.64786206682743,4.98695514157294,5.4058941678741,4.97252879254944,4.57816434512536,5.44015790000986,5.69379555231046,5.36423439058377,5.88413833216977,4.7360801283172,4.7747572913124,4.82614587440471,4.27982499715902,6.16200915994373,4.66724038857426,5.51426237940323,5.83758552056965,4.35771582082391,5.40400701583946,5.33945205942274,4.84455162195065,5.76619337779614,5.39086454989688,4.9949130082209,5.51739857844771,5.824016965498,5.94683853268674
"Dapma7bEVm015674",5.34989593800619,4.94181148605048,5.24705747419029,5.5041277482336,5.20366657500059,5.31844352361548,4.55024131767878,4.18159872080183,4.60283013205051,3.89212822575014,3.82586181196443,4.04152130766603,4.4917065840229,4.92741203924377,4.50989184819472,4.1628438561453,4.21367912999789,4.16771221520711,4.79241958908301,4.69139905119785,4.50271793903911,4.44920578944664,4.48106877627675,4.40945327920484,4.69425557984448,4.71075584126863,4.92683513426013,4.9613213833056,4.22338789035477,3.26622128238701,3.6044249479361,4.91333690038061,4.08845018988653,3.95852420782998,4.34990031489531,4.88220718718626,4.4306361887824,4.1499116591429,4.6176133951549,3.82837861751255,4.64350865144318,4.54453241048969,3.93596321891958,4.5605701670225,4.37939175528257,4.386634076038,3.66142164096592,5.19308448698697,4.29580303238256,4.08841595537572,3.88726015271885,4.33235846471671,4.31313973457128,4.54824963351747,4.03046421376282,3.88617185107826,4.27324826777039,4.72304114345913,4.27939857887428,4.69043280766573,3.99749476469602,4.02504309201303,4.52872998370361,4.55728120493999,5.03988753262295,4.16568420390315,4.720623876353,4.25358903221319,3.78695489334777,4.05534436795714,4.08698478731662,4.93444433410808,3.92461695848317,4.23614308502778,3.64193468827618,4.31188742878452,4.4731799056413,4.5835144852282
"Dapma7bEVm000188",5.94193569826704,4.92678438608674,6.12691178469836,6.30369861042373,5.6449383065795,6.36737286613703,5.18390737534815,4.49938565369808,5.14053464480142,5.96614752874431,4.16589845005639,6.42353236333496,4.94802313931383,4.96640825749222,6.30641125733046,5.77525116330135,4.70648070191453,5.64748322828148,5.0293067442266,4.5104703323396,4.2699357567021,5.80256481881255,5.15157478439804,5.72677777223456,4.85020435520345,4.87229730653484,5.24052686922521,5.06107790650432,5.12981665476,5.618322716087,6.08692749254286,5.52507086898055,4.25466020006745,3.91499862830078,4.87900980166642,5.41976015969944,4.91428635653881,4.30130586481562,4.59787802427018,4.20335070638112,5.04587359107656,4.76594453819917,5.0522277513836,4.97629240740831,4.39411084103966,4.74534838972171,4.11073227546194,4.89700742869824,4.59523095605899,4.82851375779993,4.17572711304569,4.94796910535429,5.60913365692048,6.3886862898723,4.20014934021408,4.28210140823636,5.81332529786397,5.29294500216006,4.81617769751029,5.35851863106067,4.36307688165586,4.71494476144885,4.6561735812873,4.43361744317068,5.44694698828976,5.01682520714557,5.26846832080378,5.50175831533186,4.29787644928107,4.78190164216025,5.10338997673814,3.96096542221305,5.21231031020403,5.32316334580189,5.87440724428257,5.07382875500655,5.10606601451166,5.42287282039119
"Dapma7bEVm001255",10.0422278662463,8.95359098950848,8.63595413250907,10.5747123375959,9.7816726027296,9.15899733325116,7.96810568044594,7.4374637190654,8.7458133067284,7.55343038955747,7.72877330958459,9.05113795142585,8.61174983078526,8.54563711663408,9.04039739484176,8.92275090810422,8.55712897707282,9.80234048977719,8.77448558233901,8.22734302315617,7.56408494882763,8.18014620353696,9.16968923856637,8.10790159169835,8.74121463631672,8.6902820915029,8.23890505688234,9.40319836643005,8.19179087061395,7.27708519090367,7.98635164375133,9.70456201131773,7.15492751708565,6.55033317200059,7.16884152888026,9.05128863249009,7.58752826536019,7.45531350987196,7.52401443195842,6.96082438488925,8.4895680283688,7.63712766466481,8.93125699204722,8.66449933458669,7.51405522299804,7.85962967388698,7.00891250223097,8.7105878012365,7.78309919537942,9.26599458255818,6.69789453205143,8.69405158065036,7.80286877657231,8.56937747773309,7.25691546917559,6.98418478665025,8.24096004110103,9.14410040756971,8.25749775547732,9.10830153228429,7.51357163178919,7.77396459725076,7.62174863573272,8.25708151002383,9.41848980100802,7.89727618137499,8.52750246286216,8.92279687857151,7.52933882859047,8.74117520741997,8.65075595278463,9.27840978316245,8.88074619887444,8.86001528558323,7.37689701036756,8.57321771960203,9.70699386371476,9.04861616117262
"Dapma7bEVm001863",6.29048317838041,4.82856745288069,5.68982916335758,7.17979479001978,6.12493910723001,6.27002921879092,4.69395304972304,4.51890701798757,6.44418602180522,3.97571894146247,4.22190581008897,5.12530251249447,4.85596278852179,5.3097498750328,5.76966983510849,5.01061394564306,4.87347787323538,5.72015310809541,5.94763561855482,4.71068366632172,4.91470765419488,5.22658288286152,5.45040262438468,5.69381244712384,5.14715923853565,5.29555314065259,4.43686940145957,5.70500630180565,4.83023195278083,4.26153648697426,5.24198212761836,5.84953619878327,4.45679398863962,4.13054674046225,4.83400732366951,5.68724040435362,4.27187981579576,4.44775656253438,4.50513500815779,4.32305557355881,5.09778733960507,4.80686993575826,5.07877439714491,5.31313859450545,4.17447063014259,4.56994155196102,4.99754719562442,5.77711290338728,4.35211340739887,4.8252013995778,4.50671324324047,4.9729149384684,5.00443583374907,5.47544843394232,4.43048665924843,4.0566853406541,4.97402288412299,5.35759155707824,5.47220449262745,5.94206508032604,4.28782867171097,4.79706917496559,4.48953553451958,4.85887290015773,6.47519593895712,4.87448678168419,5.77579475522385,5.90886229363307,5.04574825739201,4.98711860199971,5.165669429562,5.9317947835321,5.49244280290408,5.54971607678915,4.52829921608565,5.43640097549795,6.10167596046779,6.06623920789582
"Dapma7bEVm000320",8.14333735852056,6.6383722446778,7.31180199686534,8.44807674221812,7.89761697027167,7.74092368534522,5.68307609786177,5.74613815994902,7.000401638119,5.53049870458338,5.65878952405827,6.99320651906153,6.73756365482618,6.97580738210834,7.00342521716766,6.53044674340049,6.653334059346,7.76859358035908,7.2186340816635,6.64138235501174,6.39886678883033,6.09854577476779,6.9838721586796,6.57342854498257,6.57211809912188,6.44851648820901,6.45752861519295,7.21334697548354,6.4062783624154,5.44095726567956,5.04418642214931,7.39476129311366,5.80875754734918,5.40536745338534,6.03312443560015,6.98956224800957,6.11000432478608,5.99729224678775,6.21578497946191,5.13362203594513,6.47061776752424,6.187557872698,6.88905382396341,6.98160546387104,6.15698721316447,5.77440267225102,5.9690930204143,7.11780849483607,6.2732251858256,6.85291245140448,5.31134235209609,6.68793932331912,6.52140289230897,6.86546901373136,5.27753542368591,5.97327487115619,5.98036620550352,7.24827691064025,6.34833042396779,7.20377722574786,5.66932727557297,6.47655965712759,5.8780829398171,5.62809000985801,7.74313412960698,5.91365537708737,7.22224111116877,7.28958213472145,6.00198076416069,6.60145301540007,6.64980998477079,7.60743489386772,7.03341974910724,7.0736855849435,6.46005758930512,6.74869682815615,7.49619291218326,7.51208861839736
"Dapma7bEVm006354",8.09784933694812,6.11894191642213,5.86805971151022,7.25462631165863,7.80312295432396,7.08760295733163,5.90649363570049,6.09536454429332,6.07893203882079,6.10917770111058,5.87934015013933,6.46265748286786,5.76916673132952,6.61331995507426,5.89940537829251,6.44574448222334,6.29785299870569,6.59292641783059,6.4761402928605,6.07762477607341,5.53363442059097,6.20834431613068,6.72167611090338,6.25836169620981,6.61929197112863,6.94196928966633,6.16607690713865,7.04460928741207,5.86123676839615,5.26746843459441,6.45764167904416,6.4743764579836,6.05983876162823,5.96162523416539,5.89393901146182,6.62466195446967,5.94592321791785,5.9686076263996,5.97266311768148,5.66828077690925,6.03963317360296,5.75391487564499,6.01418601306893,5.82834700984732,5.8884643542453,6.22798642909119,5.66042424540959,6.74808972464329,5.72784605147714,6.47985969886114,5.92371846511888,5.84805049703318,6.35466125250182,6.72034200918639,5.82511994746473,5.7532965364459,6.14451242327404,6.63217898902337,6.16800835690577,6.18824058188407,5.51602569557435,5.95949938773115,6.0602016424146,6.30266782722287,6.23895253060664,6.08871002846168,6.11544433579477,6.03253614487997,5.72210609181523,6.25022097556486,5.6035268204457,6.09491580275961,5.76891172454728,5.4625861556089,5.61706798180317,5.57369198134796,5.93529251761265,6.12580954875925
"Dapma7bEVm006082",5.89384046090375,5.58315233350728,7.51549301649228,6.07897027524291,6.20482754824076,6.02474367281201,5.54472615218649,5.41135486984225,5.46143976034849,4.60314332658837,5.61147174732751,5.02087369484201,4.7815266450298,5.096956458696,5.40025234691509,5.10723580999676,5.30694658053271,6.37839128234896,5.47245879329628,5.94103498693623,5.20947730023917,5.57505169204342,5.59163847532613,5.71927076318284,6.36897375332466,5.41877609090253,5.62706897983692,4.87181230798706,5.74045067952735,5.27124346084129,5.64474270251626,4.49310188221816,5.34563392471821,5.75470613984376,5.47562244597457,4.60284762771705,5.44025209768959,5.07688588668309,5.07125612405378,5.66776212367842,4.87603832659078,5.4885397833346,5.09082131052516,5.54050070049833,5.70644713875243,5.03515481550375,5.30723330288318,5.35795653622265,5.37641440752317,4.83800059173969,5.64579908884741,5.3550360630039,5.00456312554808,5.54134322827652,5.32801805919736,5.20806411641398,5.24849211689933,5.14562755501221,4.97396441436391,4.08036431786576,5.18733373327309,5.52030362356608,4.96405620490321,5.6070848832683,5.08305305965616,5.40784862175732,4.83286948824592,5.09683078516192,5.26613865012621,5.08136439171262,5.13211383116832,5.85313771507335,4.72721351938682,5.10013615997944,5.37936300864526,5.41950530017549,5.02365537248655,5.26563964542152
"Dapma7bEVm015082",10.1266996978525,8.64080578335189,9.03224732150316,9.98693303590677,9.97763279353444,9.18045470573628,7.7748035361751,7.36241576148225,8.44798064328919,6.78410865292147,7.2370215778573,8.14348233269648,8.35146372428205,8.8531510499708,8.70411218640295,8.21894847638675,8.073597570789,9.09806232386572,8.98917921321797,7.84318630438511,8.37319115165997,8.09362249572088,8.51784356615266,7.85839337260347,8.82791904597506,8.8532996059006,8.29783122303976,9.48860771127349,8.40690798429898,6.66585911935918,7.29654485976223,8.79471910618021,7.03368508028689,6.8829532087655,7.45127487271835,9.04432637288992,7.98344553950047,7.28175280477822,7.70301187542974,7.35712780664927,8.15773760878495,7.28791177298297,8.51827842661345,8.49607924648171,7.625206140842,7.75869026879189,7.11820402963229,9.23081048997691,7.54719782499986,9.05058079571621,7.49872578809828,8.15773847285451,7.7578234313633,8.83799041915245,7.1794826366168,7.52976986298329,8.34043768602194,9.08423014412223,8.26536249971489,9.07881411581758,7.24871484520654,8.17797860508343,7.34920469490141,6.8464650158637,9.25411146300237,7.59164740703379,8.46942593945427,8.27317414991105,7.03746725329019,8.01890214210364,7.1457798600228,8.20466219843291,7.3123641234536,7.62069866263084,7.07467144862755,7.65577503977359,7.78867879981694,8.63080733661208
"Dapma7bEVm001227",6.19103010647524,5.37111435694044,6.0018462025972,6.47709130372812,6.49010906582578,5.66964488711323,5.5280013343415,4.05979425492815,5.54875370683366,4.60744005762877,3.75625043595518,4.9862379053003,4.85271153689559,5.40320976727825,5.35536307997612,4.3243641616062,4.88647667627042,6.08529150632854,5.62732317148262,4.91559801914906,5.32353196332411,4.96842923558482,5.28351560545372,4.89655585327785,5.17117060713138,4.8823628345081,4.86926916277284,5.59153913460901,4.65951242481682,3.96943910026404,4.51266936262777,5.23759409254875,4.42679856506022,4.42147050508511,4.30923320750901,5.17747143749415,5.32743531519026,4.35981385685489,4.89971881673075,5.31676273079112,4.38673205734299,5.00792617942895,5.11107253613216,5.78461912918411,5.12338928161461,4.29753461328632,4.49993914263613,6.04281800542877,4.65710670574311,4.5117375428602,4.47387921143749,5.35806878696829,5.0497187903102,5.91538469708691,4.35399768736262,4.39314295113327,4.85202488522829,5.03272780874727,4.27153281648114,5.39339304592162,4.31072940647833,5.20285892577533,4.33172378178654,5.2274038210618,5.90860996231071,4.72182678385088,5.53865608615847,5.18422954977913,4.66174393868932,4.65115426299945,4.93230212427299,5.65498641953137,5.05287619153648,5.07885727557221,4.83304776799533,5.21813786351614,4.99314179082351,5.45847466520478
"Dapma7bEVm004276",4.90038151885855,5.65236752684601,4.19142340434072,5.17869772541658,5.21211829544211,4.20212630666007,4.31800421155507,4.41352954295579,3.72795333690187,3.27860755514365,4.57361043248837,4.38167847464328,4.67710967305937,4.47668049498624,3.73343005523973,3.33339404949171,3.69475510066806,4.61429082736044,3.84131773669522,4.87694476321215,3.98949621035083,3.66607283797266,4.49063547459033,3.98258932700947,3.50270375919236,3.91412948148909,3.7417875732378,4.33471814058046,4.49654057123061,3.75511238565112,3.48948358781218,4.40571613527288,3.17749823942308,3.96602108477041,3.8879037979555,4.30346761570983,4.83067509333965,4.33269626743141,4.24533158313746,4.95062656796784,4.53575536401898,4.61079179981594,3.84477153833576,4.59321686789915,4.8500917515655,3.62543098670402,4.81530804987157,3.9542781119349,4.17350341919176,4.35590695442769,3.70201430272228,4.62179754479706,3.89024287738592,4.07069319075506,4.65624263429941,3.749363196595,4.07532742645397,3.99689697712182,4.34887291724016,4.02525750673777,4.47516008097944,4.53931503974418,3.39404051329536,3.41609015727269,5.39384798212411,4.63665531371237,4.45715052924074,4.23695061627152,3.74688495292724,3.83714909270043,3.36075794684963,4.3452263106004,4.99399666519688,4.01168389394479,4.55613163026369,4.65879096184018,5.29894409090231,5.06636611312554
"Dapma7bEVm005157",5.78305280585308,4.42030553063975,5.43210189331566,6.70344092267148,6.04651129381186,5.53654286715279,4.79832795006899,4.19230969966876,4.51704982086636,3.81007565045692,3.9494677797872,5.61081269774931,5.0185773106547,5.10956281795651,4.85775591885515,5.28979292442116,4.78651559947416,5.4132596602302,5.45920789638943,4.43862574364572,4.09266844213704,4.83993010770111,5.52255622083581,4.74733273051423,5.28259602784032,4.93631117708692,4.33825334024098,5.5712720194117,4.29519132895261,4.22164261834483,4.35967501447007,5.9097146926223,3.89745624609275,4.24924808389958,3.67847642651771,5.58514584345324,4.30161215935593,3.98680466177722,4.96886663879688,4.26416929967801,4.92864978018319,4.70042885895937,4.93548860425594,5.25334275111778,4.44989523390882,4.23201774173012,4.28828708222894,5.40848883362286,4.78202339636824,4.88103251532574,3.72331955420477,5.08078507942046,3.47590358851809,5.20548851526124,4.44910706387958,4.40727082112558,4.76440942062414,5.14889252221324,5.28732071808898,5.17200722880282,3.58146169558962,4.71184751418113,4.2933310512034,3.65110130117398,5.64869540887519,4.2689550893928,4.91769581800926,5.05905109662056,4.20902348981182,4.69765420078447,4.44846776374504,4.15317541185279,4.70508977120582,5.137115325553,3.95154268194819,4.83646919220681,5.15172509811774,5.23215040837973
"Dapma7bEVm002227",8.78624541384965,7.92731552392981,8.32655625546085,9.70753977015019,8.9409541216116,8.44397354202186,6.49676037626591,6.59762117837548,8.00533711514436,5.95935194770806,6.51976262731081,7.80529785356036,7.30504384823757,7.68792610731262,8.0087876171941,7.45174051674374,7.17171404252812,8.36837901654205,7.75262090758364,7.22637308120026,7.27999544609346,6.98060080455627,7.78425278419051,7.36361662207389,7.362228108814,7.17243004922335,6.6488347825647,8.19049503802986,6.81934367384357,6.42971287802863,7.18684030247357,8.07418369642586,6.51432820226142,5.81969772652272,6.66085464633202,7.73602461318541,6.76767448781183,6.61804046326329,6.9175337130322,6.59176546666503,7.05360980313174,6.81943576644202,7.68562607365429,7.80987695059149,6.53303886630179,6.43105742291941,6.71103873522533,8.31225859999698,6.62406574738023,7.74761331988942,5.82111577346009,7.20029149670174,6.85351765305819,7.50593907815517,6.52326832130483,6.44855704140512,6.87720956029405,7.87298519561964,7.31802375685308,8.05934163300716,6.43676271781185,6.86910154709176,6.34390141660419,7.35918295764971,8.58898278133098,6.74053827029943,8.36291735256278,8.1490096095538,7.04931871211052,7.41769315642648,7.83932968241069,8.57132042297126,7.87331082210179,8.04782114875594,6.97170332947027,7.89061422815662,8.25166562290351,8.37396496124219
"Dapma7bEVm002938",7.55461205166616,6.18090754907209,7.32087531633141,8.20617927344436,7.60754640164611,6.28132210421977,5.87644068996233,5.16156436716813,6.89360061192679,5.2713895674187,4.61263896487811,6.66143059611051,6.13475133046338,6.17923535928381,6.95385149129124,5.73152634369276,5.55627582513055,7.03255048165896,6.73383108606482,5.744281485997,6.03102504385187,5.53788547508911,6.65173420617773,5.98188898174687,6.24482684318485,6.03963625208163,5.92835460124052,6.92843024526485,5.94011076439626,5.34220748931757,5.07048106858866,6.74261629649845,5.00263782914306,4.53450119346968,5.47574792402286,6.28741965579905,5.09231393781121,5.13043495920837,5.75080177704288,5.01560474023918,5.65080466077981,5.45099445365681,6.23396570841515,6.4498238311466,4.90279272754454,5.55013412393358,5.34728546667467,6.44818798002063,5.65323797319351,5.94763999289058,4.59039908009341,6.1457036991441,5.45209327565476,6.01871343202452,5.3083216319213,5.18786720836259,5.31799091608862,6.62929797545658,6.11158703313731,6.56237475867524,5.24225829747412,5.6919179401277,5.06496426974684,4.68716109883725,6.82631890326801,5.13377870244077,6.63172756854027,6.38885176953118,5.1329677665182,6.05946430356199,6.12481710225214,7.13314180238983,6.39223112832014,6.58560484013873,4.7670107440843,6.21031263894144,7.02379721595824,6.84466981903921
"Dapma7bEVm006032",4.8452833560778,3.97714944826598,4.6339579825357,5.0323525770451,4.9169687084247,4.72480126795888,3.53980288377921,3.30962513682838,3.80512698993585,3.80227777558579,3.38178510809528,3.97453078623067,4.08905579857108,4.34901274990795,4.27905227225755,3.99118685429744,3.52664329289308,4.04331050678518,4.03999276192286,4.43058035305014,3.9174232585946,3.74093546146991,4.4341921771434,3.77821647104689,3.92360999039771,3.63891420611704,3.84820486419674,4.5275734129302,3.57277130546399,3.19599775374977,3.86521241687632,4.46464239919043,3.48303994210291,3.52311029842252,3.39434256595218,4.1375654017128,3.49841877544061,3.6657182541818,3.58589306297712,4.17205213661391,3.80519736544513,3.7944608070604,4.29194189129001,4.16769609531415,3.27861353548795,3.86658920246992,3.46887118557585,3.99388663184471,3.75355297454808,3.86309023706608,3.22634069980031,3.49515295158396,3.67863858207017,3.93554177397202,3.31424896825226,3.68979703140431,3.8366160962428,4.48013936728938,3.86763736231617,4.25988224498306,3.62486450108466,3.87214063200547,3.72280678310042,3.24058359840898,4.58401006587317,3.34088388566668,4.52857618049225,4.13108328954484,3.48090814857438,4.05370960049554,3.89267425892837,4.10942538840543,4.08195044167033,3.92758786366452,3.29363081134626,3.85832970100135,4.15651721114403,4.34932098569946
"Dapma7bEVm001825",5.96724561233569,4.92830461661749,5.37595661333101,6.08518156912732,6.08189968678864,5.53038715572305,5.06360407580071,3.42279747610925,4.40132104220325,3.69661504958978,4.27732178716981,4.63524514740452,4.14456189040251,4.71152925815341,5.3742949441534,4.37326959139737,4.51228402470559,5.06708163425585,5.07345106855573,4.67365693638804,4.26358721192666,4.40662889072818,5.06491678280326,4.1417064517816,4.70534436886749,4.77438886028619,4.77334068767854,5.16825638121947,4.74477707669573,3.65606468232109,4.37088411145462,4.17313089531128,3.94085539342529,3.68305631308691,3.57883955824576,4.92749308627652,4.3388111325581,3.76081712434881,4.35287106803082,4.01636925441982,4.15049292687856,3.99425215357924,4.65125437200026,4.6029443858057,4.29107603066167,4.11988027095811,3.67844068296441,5.01634872225432,4.26710012223934,4.78240542501541,4.35027915944669,3.97192736401889,3.82220602221594,4.60726329468354,4.1653077641942,4.41608866095604,4.51781382688495,5.07637919420633,4.30163397824351,5.03352025676719,3.48798629218756,4.27259542962701,3.95347898419617,4.17044424758014,5.52680151403422,3.84634004190377,4.968065953994,5.10064617486649,4.36005655300079,4.65562902799265,4.56298680086844,4.91492410051537,4.25265526579036,4.48347796801858,3.84371002850892,4.52962242745998,4.52883034226332,4.82677056529604
"Dapma7bEVm010457",7.60689705742083,5.73280810427734,6.9736700672494,6.84964780752952,7.55852756457763,6.74436618025133,5.62182781799505,3.8788514837544,5.58175583826653,4.86948829084388,5.18570806091844,6.19712311888733,5.48764465599107,6.00904533657399,6.11273356559319,5.98275893772029,5.12526835218607,6.69370748191546,6.24533748553286,5.25007475550507,5.06123770839061,5.89017052665913,5.85885681110343,5.81150529021655,6.87173294563341,6.13226693203957,5.96880881446036,6.79396200161339,5.77797484272658,4.25619776472094,5.58899194015119,6.32142066947446,4.47172877788364,5.1288942241665,4.27055550060548,6.57815693531897,5.28955855216376,4.14475772411308,5.68048960166352,3.52435453872571,5.48454165866655,5.26950759112068,5.38589508393982,5.81108305669802,4.85806591182475,5.33980763820069,5.12025530574422,6.82441254166859,4.83297321577189,4.74817051791729,5.27573658234133,4.9654353678166,5.53113617117892,6.35204314749974,4.56345931078205,4.66046250745853,5.84593684337253,6.14180315424914,5.89676744130134,6.22484629150914,4.82700982949362,5.3902039898037,5.56236969838579,4.89465568425361,5.94364530579697,4.81765922368487,5.62527704448503,5.59787794361402,4.10337639730039,5.31729842776912,4.18188574255688,5.72816884267241,5.72604112721322,4.78490277522938,4.93474401103029,5.36966288538468,5.97841464862688,5.82028990023086
"Dapma7bEVm010648",6.48421343358191,6.04584076547108,5.89892887024024,6.91728186497468,6.5030396872491,5.99872965744383,4.95807633100268,4.07354484007588,5.9267301179177,4.63692647814607,4.21901495269531,5.54042462081812,5.01042359193846,5.41498174859467,5.92362612883893,5.14281197367431,5.22597469783562,6.2486814855092,5.57962504624236,4.64726382257785,4.52254246763197,5.36771544719201,5.46750418230076,4.93579950218453,5.68825272203751,4.45463272875877,5.16365253255152,5.79406761940282,4.82234422711404,4.80868254141461,4.19959338567869,6.19477414566633,4.69967096901026,4.24466595450315,4.53858894349626,5.26274303173101,4.23595023685002,4.84007240095695,4.40614734316537,4.36665309138355,5.2723812652205,4.32387198365938,5.069618727226,5.0352344778155,4.64577524149888,4.38593839566338,4.48194011131721,5.56302109754434,4.57057718808206,5.06094893468174,4.4303427381261,4.9034326065673,4.6745760953675,5.02923368094691,3.94575194502114,4.86745052744854,4.92533252938246,5.31139487057344,5.1999511240583,5.86835716514855,4.18249081433606,4.98335670341937,4.52408016165605,4.66781767252595,6.12445700591615,4.36415371265525,5.65012353220174,5.81690849835989,5.03684105945502,5.285602941651,5.3291776457212,5.15069577896609,5.52781792933283,5.64171568027826,4.33296079054154,5.35415790146114,5.72946426202189,5.80236562119937
"Dapma7bEVm010173",7.15542557786872,5.09305444400165,6.47663376305834,6.45387134296044,7.18384973521458,6.82388888324437,4.95898114714112,4.57111507336442,4.50685579655619,4.98431183527855,4.49583028597091,5.79608920847546,5.01502102220354,5.94238136466443,5.02244715849833,5.21596042078901,4.87128058539859,6.08648539601379,5.91551118649326,5.27147250177831,4.77756154812883,5.25791973387277,5.845145466864,5.4135121294996,6.11571412571487,5.25348108675577,5.23736384964472,6.36914957552368,4.7536126347239,4.07342926976019,4.23563680450258,5.31749936795792,4.93650254681094,4.20572846682419,4.2924398720065,5.70659802589469,5.1671571256667,4.1797644927656,5.11428721161689,3.98247196331686,5.67587941981952,4.28128637409553,5.34849904357515,5.66388634413171,3.81415784384557,5.1121407996746,4.74549705388746,6.23791560869364,4.88466227934449,5.12023917569761,3.893728897062,5.43937849444177,4.29521239573951,5.65819073941535,4.58779818436388,4.84969926822177,5.62342363264784,6.16657105785133,5.59170775210592,5.92751487835829,4.67585246064689,5.5887378843645,5.34067969167651,5.14004388345902,6.00511742197217,5.29938714290801,5.73956364547504,5.75339050989644,4.06457983145198,4.8858491455975,4.71919054075331,4.43385930877843,4.50134223272229,4.86958603641963,4.71383518146381,5.34089490535174,5.16241526833438,5.68856864303312
"Dapma7bEVm015167",11.0820021918148,9.64057746113155,9.94184312296276,11.2466759707408,11.3292351735211,10.4806203736776,7.59264353371852,8.65236100315632,9.43612113930618,7.85506963866815,8.19923184728397,9.71072944250915,9.41969013504305,9.74229859201929,9.59567044145232,9.24931973515704,9.27638528454662,9.91181693528487,9.35564468125641,9.08719145836726,8.67192455687366,8.98546561181373,9.58588001845757,8.82849828888058,9.29880584903892,9.2953358094578,8.85752532089852,10.5037265615868,8.49599315560781,7.54864685626736,7.19211669986981,10.2646578703169,8.28417616957789,7.05869274992585,8.47158539256254,9.35818770134927,8.26082280508363,7.91351054194295,8.33581862807507,8.22741713013339,8.95018955685066,8.28560498950148,10.0516174980994,9.38973852647094,7.8656315121087,8.30691029752471,8.16212845727782,10.3435336146043,8.38340885570875,10.1207353454657,7.78369976005548,8.80961219381396,8.11643263695829,9.20894384264129,8.11024091680242,7.6001914748113,8.76120826054896,9.7647150446,8.88364177463398,10.0337862426793,7.86825298780505,8.76470452591218,7.78261579571101,8.56079134720305,10.2332706241816,8.28009819271853,9.4947625057786,9.48142262314048,7.96682679929492,8.66253624417302,8.74523925543772,9.88707246161512,8.4601097665409,9.25920863746727,8.27466830322294,9.07171548393688,8.74904594993189,9.76428501244384
"Dapma7bEVm004192",9.49233168956197,7.50220319849745,7.31066291441562,8.79638492828709,8.47126190164498,8.60651954707115,7.16453679504218,6.80480528455716,6.8477177248382,6.29554958448311,7.24172359721384,6.62364521963696,7.60366411944242,7.48807059877598,7.06558696210631,7.36242800386931,7.22909020994789,8.32048102522304,7.29517086026254,7.34937508375927,6.81121747583692,6.54271207606067,7.70898694538976,6.10939060417992,7.30202109088346,7.96574109776279,7.31925741568821,8.27799187203748,7.11288732500083,6.05912117037872,5.8750169745037,7.34868632700983,6.7544567568682,6.47915868624031,6.05978696287606,8.16777108087589,6.58843734208393,6.30449310507405,6.86168166929266,6.25265881914069,8.16951207195916,5.86201265557165,7.02195636113492,7.21316176728713,6.98691820110911,6.33685873972391,5.87835950940183,7.35207881581272,6.06418922431141,8.42759539211182,6.77686771377688,7.58486073045641,7.46713484124232,7.61173468014806,6.06832273728779,6.79188672720329,7.75928340529204,7.22978372635687,6.77171883394459,6.90519141144708,5.95170719601324,6.51588630880607,6.42307382511021,5.09691126445755,7.74820582418666,5.46952104852591,6.71916948502744,6.65052186205417,5.7207435609912,8.0331091248953,5.76185962645251,5.04601533016789,6.72764665242921,6.60749457657466,5.98717816794121,6.41237932213576,6.68124463296669,6.75649097692158
"Dapma7bEVm027899",7.1823719141652,7.00391103383245,7.28033585039045,8.70708357373222,7.69901727645227,7.42876993111742,5.1429618848933,4.03593950155042,6.82044892979425,4.69430041216008,3.92981800950806,7.40792235939829,6.0175200578893,6.10344194206769,7.24651482150303,5.88678613966689,6.16823327906847,6.85671673753169,6.59696336038563,5.7463923485715,5.85095550340864,5.46547627435906,6.8437359304164,5.74424776060132,6.1670207878092,5.7026092256543,5.36925572991688,7.17161375280188,5.23454254146462,5.20439194866881,6.26011414384419,6.7858143350912,5.23593708505755,4.54400054624448,5.18875172379628,5.92354127436368,5.36307128338382,5.96881604343943,4.9259902944312,5.06612564496488,5.36378153607249,5.35924354319837,6.03269002067924,6.44921578297672,4.90388208165987,3.7762439023002,4.83115476226854,6.76422595334706,5.4985498923217,5.91253520235757,5.09495382330113,5.57860804364422,4.99721335150565,6.15376064690934,5.32890502189397,4.43186299758269,5.42357933059581,6.85557101354271,6.17193620314342,6.54503486987767,5.05296430609313,5.21476522885505,4.97898837568165,4.97003547212654,7.71074790677449,5.33726285049695,6.7325033356105,6.8925200333964,5.83298445975015,6.12855596502312,6.67192366434926,7.47635017542537,7.07152162465273,6.99437858964709,5.50391234325135,6.40506091101915,7.38619129466574,7.18435485905571
"Dapma7bEVm010310",8.26604863261643,7.03750185521144,7.08903332613058,9.30612508046198,8.24691096887749,7.74910438739541,5.5391890648086,5.97947581508596,7.16109494637992,6.13398832269662,5.51680392093312,7.73718109399727,6.35853707981663,6.74164657686635,6.98528632912108,6.81752629146213,6.06155944147055,6.99229471140166,6.86962594971094,6.38179998374223,6.38825386192022,6.38648372553996,6.91839639451906,6.00079933262649,6.64599724926167,6.37660806368251,5.43886718823837,7.62904888689747,5.73341677576061,6.04080553781005,5.68093856390088,7.2976926429883,5.48964677724963,4.70000453523461,5.40409786477962,6.98701361500305,5.77683823232466,5.57830523004181,5.661988411518,6.24015475693,6.31692956495481,5.72495751617988,6.7350226519389,6.36838175553342,5.23278007037434,5.93848120504088,5.70173086728288,7.46330014545262,6.17269264759688,6.77215215951649,5.48827915525885,5.4119533518341,6.08512896945583,6.85977309923372,5.81357996693628,5.43757115331541,6.39275529095661,7.12508852568104,6.05840904559277,7.36045845622085,5.852637309151,6.13376863555409,5.25804686175583,6.11122278723499,7.76253522829235,5.66267114623751,7.1565658546178,6.84305663869132,5.85729849510189,6.0020864846016,6.46145855863889,7.89266961351433,6.06782114024125,6.37929053253947,6.05297608744341,6.35561163753751,6.55969475307398,7.31682230075528
"Dapma7bEVm005280",5.89671000342102,5.08491422144527,5.25217198374235,6.54484535334385,5.668171742631,6.03791917863812,3.84911585066134,3.13172479216598,5.19993690865707,4.43136503942889,3.8708646203954,5.41147511905366,3.98392907100245,4.60090490490753,5.59733971308446,4.76117845051274,3.44365243763781,4.86517448139287,4.52823954050166,3.95923360348795,4.13801838917052,4.17024538663535,4.83445840599007,4.33732341147496,3.00262523969764,2.95800205367968,4.21303858948436,5.46057926252646,3.33278112241174,3.85395181703642,3.89789676501702,5.36955576758474,3.0589324135629,3.12232961126621,3.65642438390048,5.289617588256,3.53095772233013,3.99759054146978,3.84035941421344,3.10751440491991,3.59275634599517,4.39070421219165,4.18223788635578,4.26039065251603,3.40855909673619,3.08172408782904,3.77957091290319,4.91937766358616,4.0506791147239,4.92404326813396,3.28975810590307,4.14870411937921,3.87034381388309,4.46041900030207,3.52690122055227,3.53557109019281,4.30613067039056,4.75985403897365,4.61050857512119,4.01891963015113,3.45778316164487,3.57971233462417,3.2077204259991,3.84588964453731,5.6296882966291,3.41362377705854,5.02411966651934,4.61760157327311,3.96428562676502,4.0819575901963,4.08962252697066,5.94896435908616,4.75044137123695,4.22808396849891,3.08760662835147,5.02038669908633,4.48196020716905,5.50341802484417
"Dapma7bEVm002524",6.37647596717316,5.48286667372773,6.15156071966008,7.31552951846013,6.47558390371197,5.24390739265556,4.1583987063766,4.30230270131486,5.46802056885291,3.39746325578019,4.44104089953455,5.55326424615117,4.62920273642757,4.8903455315245,5.4785035998553,4.11912066264512,4.34331082575883,5.68119392988783,5.05828672461956,4.94616884177437,4.27315812728311,3.45450933797847,4.91421269188643,5.0399766103033,5.00735164564329,3.8027012995763,3.69108807951872,5.4150265080732,4.3597007586313,3.89760685509887,4.28744938841176,5.7663962135704,3.71716282613788,3.60240803446965,4.04559097064277,4.72241646147291,4.26291729611381,4.37660907143229,4.68913743857138,4.28398687791898,3.97175819129636,3.75858310248474,4.78270788974141,5.06437402674686,3.63336867195726,3.85292085297677,4.31006759908843,5.00467752135732,4.31518280249979,4.28660874400699,4.27482619721301,3.7021862176523,3.47068544467846,4.63706292257972,4.04589880562813,3.64344120148551,4.75637652587781,4.71512791380916,4.37638519542338,5.04479233390103,4.15872075032034,4.52642950989839,4.269090167693,3.68848602782716,6.04311449441355,4.53971838995833,5.45043998825137,5.29472736032653,4.26497250757026,5.25509628718314,4.9839881487082,5.20172836555767,4.69838921541725,4.88821593385519,4.17421886486255,4.45476260648088,5.15557701241845,5.31615284276415
"Dapma7bEVm019140",3.39229955431452,9.48108617902872,3.06873966177329,4.16508220634423,3.73275308604115,4.06118389645019,2.32818664824434,2.76179192315477,3.71393940908642,3.02683881267671,2.35010210040674,3.71172336733675,2.88909688890409,2.94806991090095,2.47087860383724,3.29671560474482,2.39324170915892,3.22940918206506,2.81934426361703,3.27424135695268,2.48485652059861,3.32652970760957,2.90600891837862,3.14849554910795,3.32031167194151,2.87919282175568,2.65446115752833,3.57961758098286,2.53440552083631,2.56802951396236,3.27295380203338,3.39199126111551,2.47714418297819,2.53431793976793,2.68317561769571,3.02865224561869,2.46617964202778,2.4203363699738,2.58478280307823,2.70847147024238,2.81771669257335,2.92323227327591,2.55078284175282,3.08743217733522,2.55546118385599,2.75026696181019,2.41968756214959,3.93909682325669,2.80928419255914,3.25930325249207,2.37458516803039,2.73483380145145,2.57620332937552,3.09441560031513,2.54610800965538,2.64231436977817,2.64693244366109,2.97727997115228,2.85338196208248,3.21806260972891,2.91063192045995,2.99467491403165,2.51472713149511,3.21185180437034,4.17031827868855,2.9778389998539,2.81639520433711,3.44530879516285,3.3613947022571,2.82131132004828,2.87725962447021,3.55454779981951,2.84026699849369,2.63762332249886,2.34829363752094,3.23428798516196,2.62550060451846,3.13364097159383
